"otuids","MCT.f.0001","MCT.f.0002","MCT.f.0003","MCT.f.0004","MCT.f.0005","MCT.f.0006","MCT.f.0007","MCT.f.0008","MCT.f.0009","MCT.f.0010","MCT.f.0011","MCT.f.0012","MCT.f.0013","MCT.f.0014","MCT.f.0015","MCT.f.0016","MCT.f.0017","MCT.f.0018","MCT.f.0019","MCT.f.0020","MCT.f.0035","MCT.f.0036","MCT.f.0037","MCT.f.0038","MCT.f.0039","MCT.f.0040","MCT.f.0041","MCT.f.0042","MCT.f.0043","MCT.f.0044","MCT.f.0045","MCT.f.0047","MCT.f.0048","MCT.f.0049","MCT.f.0050","MCT.f.0051","MCT.f.0052","MCT.f.0053","MCT.f.0054","MCT.f.0055","MCT.f.0056","MCT.f.0057","MCT.f.0058","MCT.f.0059","MCT.f.0060","MCT.f.0061","MCT.f.0063","MCT.f.0064","MCT.f.0065","MCT.f.0066","MCT.f.0067","MCT.f.0068","MCT.f.0069","MCT.f.0070","MCT.f.0071","MCT.f.0072","MCT.f.0074","MCT.f.0075","MCT.f.0076","MCT.f.0085","MCT.f.0086","MCT.f.0089","MCT.f.0091","MCT.f.0094","MCT.f.0095","MCT.f.0096","MCT.f.0098","MCT.f.0099","MCT.f.0102","MCT.f.0103","MCT.f.0104","MCT.f.0106","MCT.f.0107","MCT.f.0108","MCT.f.0109","MCT.f.0110","MCT.f.0111","MCT.f.0112","MCT.f.0113","MCT.f.0114","MCT.f.0115","MCT.f.0116","MCT.f.0117","MCT.f.0118","MCT.f.0119","MCT.f.0120","MCT.f.0121","MCT.f.0122","MCT.f.0123","MCT.f.0124","MCT.f.0125","MCT.f.0126","MCT.f.0127","MCT.f.0128","MCT.f.0129","MCT.f.0130","MCT.f.0131","MCT.f.0132","MCT.f.0133","MCT.f.0134","MCT.f.0135","MCT.f.0136","MCT.f.0137","MCT.f.0138","MCT.f.0139","MCT.f.0141","MCT.f.0142","MCT.f.0143","MCT.f.0144","MCT.f.0145","MCT.f.0146","MCT.f.0147","MCT.f.0148","MCT.f.0149","MCT.f.0150","MCT.f.0151","MCT.f.0152","MCT.f.0153","MCT.f.0154","MCT.f.0155","MCT.f.0156","MCT.f.0157","MCT.f.0158","MCT.f.0159","MCT.f.0160","MCT.f.0161","MCT.f.0162","MCT.f.0163","MCT.f.0164","MCT.f.0165","MCT.f.0166","MCT.f.0167","MCT.f.0168","MCT.f.0169","MCT.f.0170","MCT.f.0171","MCT.f.0172","MCT.f.0173","MCT.f.0174","MCT.f.0176","MCT.f.0177","MCT.f.0178","MCT.f.0179","MCT.f.0180","MCT.f.0181","MCT.f.0182","MCT.f.0183","MCT.f.0184","MCT.f.0185","MCT.f.0186","MCT.f.0187","MCT.f.0188","MCT.f.0189","MCT.f.0190","MCT.f.0191","MCT.f.0192","MCT.f.0193","MCT.f.0194","MCT.f.0195","MCT.f.0196","MCT.f.0197","MCT.f.0198","MCT.f.0199","MCT.f.0200","MCT.f.0201","MCT.f.0202","MCT.f.0203","MCT.f.0204","MCT.f.0206","MCT.f.0208","MCT.f.0209","MCT.f.0211","MCT.f.0213","MCT.f.0214","MCT.f.0215","MCT.f.0216","MCT.f.0218","MCT.f.0219","MCT.f.0220","MCT.f.0221","MCT.f.0222","MCT.f.0223","MCT.f.0224","MCT.f.0225","MCT.f.0226","MCT.f.0227","MCT.f.0228","MCT.f.0229","MCT.f.0230","MCT.f.0231","MCT.f.0232","MCT.f.0233","MCT.f.0234","MCT.f.0235","MCT.f.0236","MCT.f.0237","MCT.f.0238","MCT.f.0240","MCT.f.0241","MCT.f.0242","MCT.f.0243","MCT.f.0244","MCT.f.0245","MCT.f.0247","MCT.f.0248","MCT.f.0249","MCT.f.0250","MCT.f.0252","MCT.f.0253","MCT.f.0254","MCT.f.0255","MCT.f.0256","MCT.f.0258","MCT.f.0259","MCT.f.0260","MCT.f.0261","MCT.f.0263","MCT.f.0264","MCT.f.0265","MCT.f.0266","MCT.f.0267","MCT.f.0268","MCT.f.0269","MCT.f.0270","MCT.f.0271","MCT.f.0272","MCT.f.0273","MCT.f.0274","MCT.f.0275","MCT.f.0277","MCT.f.0290","MCT.f.0291","MCT.f.0292","MCT.f.0293","MCT.f.0294","MCT.f.0295","MCT.f.0296","MCT.f.0297","MCT.f.0298","MCT.f.0299","MCT.f.0300","MCT.f.0301","MCT.f.0302","MCT.f.0303","MCT.f.0304","MCT.f.0305","MCT.f.0306","MCT.f.0307","MCT.f.0308","MCT.f.0310","MCT.f.0311","MCT.f.0312","MCT.f.0313","MCT.f.0314","MCT.f.0315","MCT.f.0316","MCT.f.0317","MCT.f.0318","MCT.f.0319","MCT.f.0320","MCT.f.0321","MCT.f.0322","MCT.f.0323","MCT.f.0325","MCT.f.0326","MCT.f.0327","MCT.f.0329","MCT.f.0330","MCT.f.0331","MCT.f.0334","MCT.f.0335","MCT.f.0336","MCT.f.0337","MCT.f.0338","MCT.f.0340","MCT.f.0341","MCT.f.0344","MCT.f.0345","MCT.f.0346","MCT.f.0347","MCT.f.0348","MCT.f.0349","MCT.f.0350","MCT.f.0351","MCT.f.0352","MCT.f.0353","MCT.f.0354","MCT.f.0355","MCT.f.0356","MCT.f.0357","MCT.f.0358","MCT.f.0359","MCT.f.0360","MCT.f.0361","MCT.f.0362","MCT.f.0363","MCT.f.0364","MCT.f.0365","MCT.f.0366","MCT.f.0368","MCT.f.0369","MCT.f.0370","MCT.f.0371","MCT.f.0372","MCT.f.0373","MCT.f.0374","MCT.f.0375","MCT.f.0376","MCT.f.0377","MCT.f.0378","MCT.f.0379","MCT.f.0380","MCT.f.0381","MCT.f.0382","MCT.f.0383","MCT.f.0384","MCT.f.0385","MCT.f.0386","MCT.f.0387","MCT.f.0388","MCT.f.0389","MCT.f.0390","MCT.f.0391","MCT.f.0392","MCT.f.0393","MCT.f.0394","MCT.f.0395","MCT.f.0396","MCT.f.0397","MCT.f.0398","MCT.f.0399","MCT.f.0400","MCT.f.0402","MCT.f.0403","MCT.f.0404","MCT.f.0405","MCT.f.0406","MCT.f.0407","MCT.f.0408","MCT.f.0409","MCT.f.0410","MCT.f.0411","MCT.f.0412","MCT.f.0413","MCT.f.0414","MCT.f.0415","MCT.f.0416","MCT.f.0417","MCT.f.0418","MCT.f.0419","MCT.f.0420","MCT.f.0421","MCT.f.0422","MCT.f.0423","MCT.f.0424","MCT.f.0425","MCT.f.0426","MCT.f.0427","MCT.f.0428","MCT.f.0429","MCT.f.0430","MCT.f.0431","MCT.f.0432","MCT.f.0433","MCT.f.0434","MCT.f.0435","MCT.f.0436","MCT.f.0437","MCT.f.0438","MCT.f.0439","MCT.f.0440","MCT.f.0441","MCT.f.0442","MCT.f.0443","MCT.f.0444","MCT.f.0445","MCT.f.0446","MCT.f.0447","MCT.f.0449","MCT.f.0450","MCT.f.0451","MCT.f.0452","MCT.f.0453","MCT.f.0454","MCT.f.0455","MCT.f.0456","MCT.f.0457","MCT.f.0458","MCT.f.0459","MCT.f.0460","MCT.f.0461","MCT.f.0462","MCT.f.0463","MCT.f.0464","MCT.f.0465","MCT.f.0467","MCT.f.0468","MCT.f.0470","MCT.f.0472","MCT.f.0473","MCT.f.0475","MCT.f.0476","MCT.f.0477","MCT.f.0481","MCT.f.0482","MCT.f.0486","MCT.f.0488","MCT.f.0489","MCT.f.0492","MCT.f.0494","MCT.f.0495","MCT.f.0511","MCT.f.0512","MCT.f.0513","MCT.f.0514","MCT.f.0515","MCT.f.0516","MCT.f.0517","MCT.f.0519","MCT.f.0520","MCT.f.0522","MCT.f.0523","MCT.f.0524","MCT.f.0525","MCT.f.0526","MCT.f.0527","MCT.f.0528","MCT.f.0529","MCT.f.0530","MCT.f.0531","MCT.f.0532","MCT.f.0533","MCT.f.0534","MCT.f.0535","MCT.f.0536","MCT.f.0537","MCT.f.0538","MCT.f.0539","MCT.f.0540","MCT.f.0541","MCT.f.0542","MCT.f.0543","MCT.f.0544","MCT.f.0545","MCT.f.0546","MCT.f.0547","MCT.f.0548","MCT.f.0549","MCT.f.0550","MCT.f.0551","MCT.f.0552","MCT.f.0553","MCT.f.0554","MCT.f.0555","MCT.f.0556","MCT.f.0557","MCT.f.0558","MCT.f.0559","MCT.f.0560","MCT.f.0561","MCT.f.0562","MCT.f.0564","MCT.f.0565","MCT.f.0566","MCT.f.0567","MCT.f.0568","MCT.f.0570","MCT.f.0572","MCT.f.0573","MCT.f.0574","MCT.f.0575","MCT.f.0577","MCT.f.0578","MCT.f.0579","MCT.f.0580","MCT.f.0581","MCT.f.0582","MCT.f.0583","MCT.f.0585","MCT.f.0586","MCT.f.0587","MCT.f.0588","MCT.f.0590","MCT.f.0592","MCT.f.0593","MCT.f.0594","MCT.f.0595","MCT.f.0596","MCT.f.0597","MCT.f.0598","MCT.f.0599","MCT.f.0600","MCT.f.0601","MCT.f.0602","MCT.f.0603","MCT.f.0604","MCT.f.0605","MCT.f.0606","MCT.f.0607","MCT.f.0608","MCT.f.0609","MCT.f.0610","MCT.f.0611","MCT.f.0612","MCT.f.0613","MCT.f.0614","MCT.f.0615","MCT.f.0616","MCT.f.0617","MCT.f.0618","MCT.f.0619","MCT.f.0620","MCT.f.0621","MCT.f.0622","MCT.f.0623","MCT.f.0624","MCT.f.0625","MCT.f.0626","MCT.f.0627","MCT.f.0628","MCT.f.0629"
118,9084,470143,45691,233318,110578,109383,158683,198129,219180,115070,340154,106376,266528,86231,1486,245242,19291,76246,248662,83774,32662,15213,273900,284690,25301,5611,10003,212477,141450,192560,34221,7780,446552,81037,45459,197124,77221,157170,184875,420288,66268,156468,65571,25516,133257,83498,342483,6734,305672,503576,363907,141748,410780,167168,306243,693691,126679,383073,181081,38068,284740,38658,106358,40000,46561,6343,4726,35824,315,170439,164202,274700,245019,292545,153081,28414,22349,224336,27643,40451,369409,151723,188775,243720,277700,501425,247018,527908,194437,854767,202995,62549,207517,116300,16684,524628,159338,148608,132408,417837,113466,93804,165447,352515,436691,250305,137746,190203,253341,274779,247678,119884,164278,211031,36933,44509,174833,47333,175205,215679,9108,20946,107466,37070,45853,75980,197165,205887,117,4668,144202,109203,28183,200272,9742,69450,127900,262943,321940,83884,16426,280323,79019,412635,372892,150012,129198,205812,81132,215047,15375,308287,294385,225833,481533,189110,169952,115401,278506,431492,31454,75506,7862,366377,37248,199271,383891,312730,62018,3788,84854,11325,92989,56298,112504,134804,263565,173701,211283,107209,4485,36872,5229,10433,7694,4872,13836,55469,8561,74124,168360,23571,9432,65452,14034,2135,7306,1096,32493,26251,55534,63966,73582,267067,4672,129182,298711,205726,994,64975,128846,161324,424687,286485,41720,225077,80048,214161,94693,25266,144584,5018,53121,11630,229376,27162,427523,18422,54488,64097,137583,179701,429316,165037,43791,563480,123683,338180,233477,62395,548411,51893,495098,238242,129340,333551,92126,118442,177680,112373,197242,466480,213275,294769,465578,417039,190,398097,514350,94529,228490,271525,400599,214751,244398,105264,78695,65048,78443,257510,374751,57931,43605,92002,51008,105396,183580,206992,517641,272933,52767,196996,50070,194756,150418,207136,153260,92425,120289,409114,269445,70955,150371,30603,360379,89844,295775,209770,210538,111690,144460,69329,43544,62061,1253,341477,20076,68027,26360,275126,78303,21780,278561,21035,238801,30070,24166,59712,68789,274643,93641,259567,58389,25122,97966,121489,66462,205128,79645,26180,4763,60545,45591,191733,13307,239575,117713,82315,95453,7006,184509,504487,307552,699,342456,121373,183396,22446,151416,150255,281842,390987,76013,261148,389217,48089,257447,201436,460629,216127,319924,182835,384461,25836,301691,80248,144460,142383,591791,287330,286620,247749,316583,271766,43822,411577,235664,240935,6398,136785,178949,2654,122082,60709,91609,315352,431453,202210,167456,44356,7297,33898,6123,237047,401,69349,67129,22643,129700,94232,17219,50235,36235,122462,131769,77938,319,2924,92330,48425,50004,41341,62862,15546,118469,3797,12242,7810,98122,117774,19343,20972,90502,85815,23804,6669,129140,48652,30231,6955,71646,62456,81794,45672,69957,8091,32271,105561,146848,47855,6006,98261,29147,92603,80487,43394,120876,584244,86350,140343,335241,160509,251632,49761,379163,417847,242901,164527,271403,153279,40015,70506,80228,83532,51224,107063,120040,1028,31017,34268,62714,10385,37299,1398,4830,21458,7096,9517,4235,14695,19053,734,37004,31758,22770,765,11616,58816,329567,349889,228894,119382,189437,102584,79375,277415,296816,278374,84651,278368,87999,37699,324398,90747,528402,330489,417913,88853,26877,397850,23467,840722,131422,243060,512901,452619,158964,3663,570428,241555,19854
40,2061,130632,1214,46389,21695,22380,43911,34139,50885,85996,82337,35232,83140,44994,785,49089,4939,26050,63653,28229,17757,2345,34825,36595,5014,1958,2490,31574,48085,33823,24098,1631,89417,15586,15637,58477,24,80,58,98,19,41,17,26,68,143,164,21,44,132,387,14174,576,120,227,414,83,267,143,48,46910,5381,16197,1975,2192,960,111,2881,59,26736,24736,61752,279852,168991,210737,3023,20204,55649,11231,27933,71145,39435,67040,39247,40476,29809,32702,60252,15804,73586,7629,7353,22654,18374,4118,55070,10850,19487,22342,22699,16069,8930,28978,77130,63347,41902,32254,9766,30583,59979,55613,20600,60428,84274,5393,10192,63263,12269,57408,57203,3674,5965,56727,23095,68839,92672,71684,64243,22,2269,59948,51145,16939,95220,13984,12765,18720,35525,38424,20860,3711,43952,17235,69926,66531,24386,78338,26919,31209,117959,8864,20638,36870,46671,61805,61991,30390,36772,48967,28138,12369,18897,2716,53691,10031,32013,48474,34136,49618,353,25480,11069,30144,37873,88171,135253,51598,36867,89473,34705,11167,51750,8376,13576,8884,8123,14136,55713,35044,106722,114190,78059,26088,61014,9788,1383,6526,3850,117721,27627,30254,64749,75431,130020,6439,50210,162896,176772,382,74441,99225,44039,124758,104288,15696,83386,37353,120743,46166,18622,51598,2950,35471,7207,90179,13161,86969,50722,10486,5772,306,413,929,330,119,1329,630,724,556,149,1854,137,720,622,275,370,183,69,211,161,555,2127,133,158,312,331,39,234,536,109,170,198,564,121539,162373,99770,97357,44835,55155,115218,144973,58946,64220,55899,25168,2768,32111,9196,13945,18082,1155,21801,3436,25666,10185,10133,5358,6433,20005,31627,91418,32745,61975,28999,190085,113603,79807,74066,105423,60867,41993,21459,25895,37676,538,157065,15039,32267,12906,102269,33637,22703,128783,15341,91649,10355,14365,33277,45234,63279,17148,113289,31648,37535,58598,47699,27140,63186,10645,3102,2275,22955,13351,62683,2871,29663,40972,15592,7620,1311,17125,35845,18828,139,39019,37603,18627,4695,8742,7624,11865,25419,5662,86508,33927,8215,44807,78325,57402,36809,56760,31374,17933,3896,23738,3744,24146,14009,80446,17304,21087,23130,69870,157492,17940,52920,86487,74910,3429,76484,51147,860,51792,20814,53380,121224,69397,47333,59013,25825,16849,21006,1295,140121,183,56266,51221,25681,132590,56026,18141,62572,3028,62659,26473,22620,39,713,5196,9375,3383,1047,5971,4931,10568,1558,5535,5307,31169,13182,12177,3440,14685,18200,5217,1238,32141,23959,19759,2820,7955,1623,9350,5985,18189,1699,17928,105900,36521,15602,692,27018,11683,18484,31974,27856,81585,195145,39064,123325,62845,23879,131339,34694,120988,149015,63864,61609,108992,36415,22232,120997,34591,103535,60201,274035,169403,4230,48560,64328,70219,22407,93433,361,2858,3373,516,906,524,1241,670,132,2195,663,975,120,1121,4700,33108,72793,20204,32267,67132,35680,19282,25832,46510,76711,18304,14600,3561,6131,48432,3209,57,34,94,4,13,60,20,59,16,98,45,66,23,16,9654,20,14
265,473,1739,127,880,492,282,472,421,516,198,564,216,504,223,4,467,47,279,969,365,21,39,137,249,16,1,22,68,71,102,27,37,166,16,32,165,3232,5375,6628,22313,8277,43767,15298,5815,31301,4746,53027,385,17082,57729,49832,16799,379,342,599,978,184,565,277,91,15482,10732,5122,3678,20092,3031,2236,15016,26,473,594,877,696,675,486,66,79,491,89,149,749,410,595,1052,603,1641,1032,1826,661,3110,649,213,610,555,91,2218,790,682,675,1961,524,339,18725,20711,27592,13635,11558,13878,28186,17549,11328,4801,11582,10120,2593,2521,7891,2775,105,321,9,11,187,72,53,67,149,220,6,7,132,79,28,160,21,241,909,607,1054,285,83,830,300,1065,1464,545,602,1170,329,1147,59,794,827,982,1883,670,392,341,1424,1459,92,199,26,773,98,762,1195,837,476,32,408,67,609,381,733,974,1758,1738,1224,874,5768,31829,3473,42207,14902,5494,7857,43746,5494,18758,112031,6712,6728,30524,21990,9032,36586,5,92,89,185,228,212,756,17,376,993,736,7,301,639,353,1396,946,148,570,367,741,343,132,439,32,169,26,614,94,180,13,31,39,210,180,405,146,38,550,135,470,172,68,1153,164,971,240,132,234,62,66,128,72,88,212,117,129,161,237,12,172,448,78,92,125,174,9219,8489,2272,786,980,2264,13310,6259,820,671,1534,1116,67,152,124,353,613,67,111,47,105,77,126,71,49,104,202,419,136,260,61,616,164,650,437,413,298,193,101,72,119,5,601,250,622,292,2534,855,196,2624,208,2699,546,350,392,577,2539,1050,2279,532,5850,354269,172272,105916,345160,46216,32509,20600,222786,42302,95580,23152,165080,22604,97955,318007,202,10123,42883,22645,91,10281,3551,9073,19887,8141,4797,15099,53827,8247,14919,28450,3647,426,313,715,302,506,353,766,74,549,131,212,523,1313,560,585,347,383,513,60,469,345,395,10,222,216,6,221,88,156,414,415,335,270,304,111,284,1755,2957,23,1253,1194,316,1427,364,276,768,129,480,426,280,3,142,300,4943,5162,43861,187377,66578,221534,14477,51694,46353,211411,136929,51364,71297,246215,102625,119867,17396,3276,1070,449,1965,57038,22791,10770,26874,10356,46,6088,11786,40136,43391,4035,51970,22006,195,139,82,247,1146,189,346,901,366,785,208,995,1015,496,337,640,310,90,212,173,240,123,374,412,2,95,97,125,35,112,19953,85701,114917,93130,55907,61017,191780,245815,5828,233930,320607,157032,4572,96734,73,240,229,237,107,155,4122,82,221,206,254,56,163,70,21,179,49,193,102,134,25,7,135,11,292,41,246,125,197,52,15,6015,61,6
564,622,35654,2513,14011,7983,8819,12872,16859,17766,9179,28657,12390,37598,8879,125,13513,2034,20918,95170,31528,2480,1498,16780,20485,2461,458,790,10905,8388,16510,2835,557,28219,6097,3057,11436,671,1421,1812,4343,727,1473,392,167,1363,817,3591,64,3067,4932,4130,4792,1010,777,1482,2347,450,1624,805,239,17476,2109,5728,1967,2030,282,631,1233,17,8545,7502,18931,23230,24241,17300,1951,1624,17875,2362,2863,27890,11627,11944,14165,15439,6849,2322,7700,2398,10140,2391,955,3613,1601,245,6366,1551,2704,2007,6302,1256,1591,8826,18481,29701,17790,19268,15213,19146,19860,18366,10931,16738,24732,3966,3719,15782,3604,13405,20512,938,1771,10443,8507,6687,8322,20025,34046,11,294,8537,6936,1919,16201,910,19371,33504,34458,37357,13489,6365,120106,22653,61100,147291,54386,29911,56545,10040,18630,2001,38792,18277,8919,119390,74299,48230,23845,18697,18801,7301,20985,2015,119286,2824,11613,73568,99135,4284,86,7405,1010,13866,4915,16772,15415,25522,19667,20271,7210,395,3851,498,1119,954,624,1539,5938,1249,8188,7063,1890,491,4720,948,142,427,79,2323,2238,4331,4161,5592,14594,227,6951,15093,17270,85,7177,14978,5213,13288,9122,1454,7242,2379,7227,3921,1381,4770,239,1740,386,8953,1001,12419,3370,709,1147,1394,2031,4745,1888,427,4311,1051,3895,1749,806,6369,936,5438,3885,1440,3823,832,6970,26806,12475,22612,46255,22769,26697,32141,28374,11,42147,60406,10549,24120,41429,26618,9132,11840,7127,8371,8508,6424,11898,16618,2687,2084,4392,2255,635,1058,1121,3101,1692,295,1079,307,1356,1051,1600,1107,610,806,2693,667,219,439,123,1076,327,776,565,580,359,397,189,156,237,6,1172,2290,9080,2755,28518,8339,1846,28511,2352,31138,4108,3171,4948,7217,24459,8263,20238,5448,2196,7775,6520,3700,10212,4786,685,302,3815,2047,8443,448,9666,8786,4232,1875,594,14737,30586,16732,71,18402,8249,10979,939,9401,9717,17881,22230,3340,14674,17914,2843,10319,14092,17685,7953,16678,7080,14193,1085,12647,3349,6577,7523,25883,13214,15237,11482,16743,23057,1844,20920,25721,25279,683,6779,8369,129,9530,4361,5021,26017,51894,28763,17464,3629,1223,5454,711,21551,48,7949,4828,1367,20576,9879,4289,13454,2228,6176,6244,4526,74,362,3128,239,258,8348,18484,3960,27668,1037,3623,2398,19524,31517,11276,6184,26299,27427,5333,1617,17682,6407,4671,1334,8422,4996,13191,6616,9898,127,3487,10229,26427,6735,346,12947,3016,7652,3193,1506,9500,62198,9251,18254,50201,27655,31750,3538,56860,34095,20463,14170,33819,13137,12622,42609,42031,44128,28523,21896,22587,184,9799,9986,16898,2498,28227,107,353,983,416,489,331,1034,1442,69,2083,1561,1235,44,743,3130,16105,15381,14245,6942,7110,8650,3490,12793,16362,16519,5286,7000,4187,2245,13812,2370,4331,4218,5406,1182,578,4605,281,15803,5806,9265,12689,11875,1480,24,7756,3272,306
69,361,17965,39378,95154,16062,43118,85342,41172,52723,12713,68289,32052,118046,100934,248,77896,4125,3883,40101,6491,3422,2208,57137,53208,5032,1765,2870,9688,29629,34504,12764,2757,72851,18206,8397,63950,5493,6234,5990,9639,2801,9414,38846,1947,9348,7551,44831,393,27269,8729,11519,4306,14079,61552,76761,31655,53873,51054,55031,11485,35489,15727,27926,15173,41129,3921,7359,6482,47,84902,79457,28867,14133,15270,54444,9801,10428,29916,14340,17586,27161,10919,78553,74211,96464,8613,5281,32514,11547,14599,3002,6359,4406,2714,752,85951,5945,12656,32129,10751,3392,2480,33974,58491,65582,37427,26956,25049,27290,53129,37871,22450,57882,56726,4070,6527,26310,9411,37055,25736,982,2624,50823,5534,15850,16825,15456,52552,57,855,19739,4087,3647,20737,10039,4138,43410,54102,17143,20781,1775,34749,4405,26093,13189,8018,23547,10985,10145,29893,3600,14390,87244,26171,15710,16550,27877,10123,33056,11097,20057,21568,2145,15800,8265,3439,41000,6393,12234,246,10289,1489,5298,8918,16553,22316,20059,19098,26990,7956,6410,16926,4425,43947,7361,8448,4307,17433,19085,40781,28673,33626,15625,14592,2846,4297,3121,322,9552,2944,12807,6152,9030,35114,641,19638,25145,19486,184,20493,7506,10564,17838,27435,3578,35539,6467,25739,12459,7946,15861,738,9715,2552,33718,18000,52645,2941,14428,12735,3018,2317,10204,1431,1277,6175,4093,2704,7209,4300,6113,1586,10481,4036,1350,8439,2104,9009,7254,13459,21867,14644,9718,7976,14017,10554,27,27210,47257,5114,9470,17274,17663,12652,14125,10594,16734,9429,10207,24099,36941,18569,12578,11930,5843,5270,37349,17026,171301,20242,6643,20749,3530,25612,8695,9954,11157,41507,19702,24694,27231,40053,16473,4627,58001,23763,43143,60079,25051,21049,4206,5622,15280,11697,96,61418,1761,3677,2008,18002,7426,4416,21524,1520,9705,1599,1830,3975,8755,17380,3317,23964,3941,29359,12453,14206,17462,13028,3166,1474,689,12089,8565,33649,2114,33055,8774,4923,13475,1860,10397,26379,36528,155,62368,57702,12670,29354,9295,30763,14521,31513,7293,78170,69377,7129,26193,53730,57277,14004,28340,34100,59518,8962,22222,4867,6182,83478,88934,88557,40103,28468,59803,77638,19825,97425,142331,52357,4052,64107,71447,1711,58472,18499,35487,89745,67344,116070,58306,4234,1668,4431,10296,61481,56,47854,47339,7691,18140,11162,9048,27665,9950,44648,84314,46158,1342,22265,81175,32536,6472,12515,112860,14277,29049,4672,5823,7989,25618,48919,15160,6410,26555,48366,10239,3377,101914,35711,9245,2313,35275,38640,23348,15296,7996,1648,56682,28494,52598,31350,1247,14431,33051,5485,3188,10814,6073,34055,4742,18012,16317,20185,31363,13536,22156,14224,6201,10555,15843,5297,2816,14826,9881,24052,15534,26817,27452,582,11375,14236,15591,2804,15448,1412,6278,9884,2518,29350,5290,37838,46185,1898,59119,29855,30666,494,34214,1378,72677,74454,6201,6012,15703,47735,41557,145792,94503,21540,13170,80940,7063,59893,33206,37737,2085,849,849,167,162,403,81,2456,250,412,853,4070,260,19,8243,458,50
41,318,13910,36535,13595,4875,10790,15547,17195,20740,9460,17674,5805,20771,13425,112,68243,2326,1168,4760,1436,2719,1355,29555,22072,4319,455,2012,11038,7031,17871,3179,3624,30793,5457,2997,11862,7454,8852,4834,21047,3571,14532,10578,2310,17515,12043,29465,370,33333,36375,38559,13288,32155,11575,17299,37041,35193,18085,30394,15310,9229,15330,33479,3692,7689,1287,38193,5719,43,93314,50012,25663,8542,7022,10961,4796,2558,20285,4661,5692,22001,9858,27416,59514,104953,16219,5491,20674,8535,17178,5082,2052,8300,2719,472,59879,2741,7615,8193,11171,1969,2224,4358,11125,13371,7583,9370,29549,6551,7628,7384,10716,8391,9509,3946,2235,7248,4006,20742,9628,552,867,18358,1263,6453,11161,11120,17116,32,458,8828,4167,1795,7137,3590,3384,6836,13017,14503,6470,1214,23716,4479,15090,20461,9046,15968,14856,8194,28049,2650,16538,56744,10756,28903,37478,31624,6836,38233,15461,3465,14819,445,16005,2449,4152,17847,12830,8898,261,3756,1311,4589,3659,7369,25079,23709,12016,26840,14242,2875,8622,1580,4432,2838,1294,1929,10245,2509,19393,21790,7590,4138,9351,2286,654,1364,199,4980,2990,10124,5321,7904,51946,708,27108,42350,21344,143,8181,11189,8275,10503,16485,2564,20330,4208,19125,6600,918,13346,405,5238,1450,32234,5476,5196,3724,2559,3614,6308,7496,36468,12898,4806,26027,8865,41112,31807,10953,173703,29326,41612,75378,26181,37401,15733,6017,18913,7526,35073,36596,12436,9108,18357,14754,14,56028,39242,8986,14537,36984,68186,8624,8258,6777,5510,6480,6808,12395,18025,6410,4278,4250,2266,6076,11849,10010,31609,9289,6539,20815,3355,12583,11859,10675,8844,9779,4628,19448,8634,5559,6107,1744,21677,6297,12374,8033,8213,6049,1884,1213,1873,2363,43,10306,518,1359,1256,11057,5141,2437,9743,573,5760,1090,609,2389,3545,14610,3520,14295,1441,2895,11037,5780,3292,8624,2286,1362,376,4411,2158,8321,727,20154,3126,5703,9113,233,11675,17983,31365,45,11402,6048,4532,6904,12202,16309,13720,15492,5511,9651,17550,1513,10372,12420,13294,9118,24469,8438,28162,938,5953,3002,4186,38592,26294,31710,12330,6604,11242,14276,2888,14096,34429,37008,746,14731,12503,1329,30610,6453,15271,20337,17794,50440,39578,8164,1624,8341,22328,47440,88,36172,15407,5109,30304,11595,5367,44965,7069,21204,66480,19326,1300,28351,137482,8387,2165,3525,8660,3297,21281,693,1700,2160,19742,20698,3808,3316,15227,22952,4186,1979,26141,6178,2806,831,14868,24745,24322,6607,4306,524,6250,14676,16803,8392,1283,10218,3056,5893,4224,3095,11425,34387,4680,22127,14490,11872,20105,4923,31877,24985,8586,9807,11048,8069,3268,16913,19262,30298,12361,49609,20986,231,10976,4459,18325,2366,18530,1226,1421,3242,1142,6095,1984,10802,11872,883,15167,15277,13207,162,16906,2864,17651,26359,10206,4946,25956,12175,14133,28063,18690,22382,5642,15439,11411,4655,42025,9177,5717,3333,6875,1300,3689,8344,651,10128,2204,3346,9123,8070,4735,172,10947,2787,208
980,300,9796,72,2971,1412,3198,3478,3198,3513,4883,9111,3703,9377,2883,68,3446,353,1229,3096,894,2,2,7,18,0,0,1,3,4,12,0,5,23,5,3,10,0,8,7,12,3,8,1,1,3,1,22,0,10,7,41,12,36,12,43,90,6,35,7,6,60,16,29,15,16,1,1,7,3,4257,5422,11013,36043,24558,19110,525,1121,9972,711,2962,22210,5835,7935,6342,6113,212,136,300,116,340,106,23,97,91,6,272,94,76,98,180,73,36,234,665,655,359,103,91,254,372,588,300,256,393,23,88,262,48,5285,8911,644,1402,5852,1797,3793,7184,6237,16204,8,164,4789,5342,1245,11909,1360,752,1353,3817,5270,1571,255,3817,1283,5638,4222,1545,2660,1743,1403,4428,408,47,71,32,166,77,78,26,48,90,7,30,1,127,6,20,94,129,3179,7,1443,435,3955,9130,7154,8402,8216,4319,10751,2896,1178,5179,667,777,1067,605,1037,7107,1915,12303,11681,5476,1645,6558,1291,139,379,59,2136,1213,1288,1816,4459,10180,282,3377,2676,3352,2,939,1055,3914,9704,7673,1497,8376,2832,7359,3496,549,5616,159,1934,413,8094,567,33,1,5,6,8,11,14,5,1,18,66,17,14,4,56,4,21,25,11,15,2,157,191,146,182,425,234,276,377,620,1,344,840,128,235,267,337,1010,1012,624,362,348,435,1110,1304,426,381,468,155,138,271,165,432,241,39,237,70,354,217,244,179,84,96,512,3785,2709,3345,1195,12274,2848,7685,5284,6165,3434,3660,1845,2058,2185,24,17480,831,4018,1425,14141,4349,1179,12326,822,9934,1360,729,4212,2259,10236,2087,7754,1443,802,2699,2831,1276,2716,1152,289,102,1504,638,4656,321,3996,2879,983,610,2,42,72,54,2,58,36,29,10,19,16,28,70,16,98,58,15,6455,6997,9647,4253,8255,3340,6061,355,6426,801,2313,2460,7274,3486,4934,3315,9424,8824,1490,9622,15659,11035,154,3357,3856,80,3284,1385,2754,5751,5524,5481,5103,26,11,29,44,192,1,80,39,12,164,81,11,70,98,283,296,140,1,7,205,18,12,13,25,5,27,3,6,6,30,22,5,7,45,14,17,4,29,16,8,7,20,13,30,12,18,15,14,56,43,20,1,46,9,2130,1529,644,3768,12243,2590,7266,10980,4097,15918,1448,13372,10029,5461,3503,7547,2927,24,104,37,108,37,274,174,1,51,43,71,25,76,1,3,253,3,2,2,3,8,2,3,10,9,6,8,14,109,110,59,53,58,40,28,83,64,79,17,55,15,7,85,19,13,9,12,3,0,9,3,9,0,9,13,8,3,0,89,1,3
744,69,6672,376,2692,1283,1773,1584,2803,2785,1911,4987,1774,4822,1493,25,3489,254,1533,6965,2127,714,273,5912,5244,478,93,240,3549,2590,4713,680,73,9877,1368,959,2769,48,87,113,254,39,77,32,8,79,58,231,10,152,310,226,108,89,83,139,191,36,142,83,37,2922,437,1468,549,770,60,74,364,2,2213,2209,3590,10341,6874,3960,256,338,2764,115,616,5059,1306,2977,2065,2397,62,33,144,42,176,47,17,67,35,2,94,25,45,39,148,28,32,652,1313,1765,991,396,595,976,1362,1177,515,722,1067,152,179,753,214,3500,3953,106,228,1489,1125,1185,6099,6390,7155,5,61,946,1017,520,5177,229,927,1198,3224,4119,787,239,6581,1255,4641,6179,2466,2163,2295,1080,3463,273,96,89,61,389,259,139,71,105,80,26,78,4,284,12,58,243,307,869,12,858,164,1561,749,2088,3163,4143,2429,3867,1117,182,1904,114,204,345,230,521,3191,424,1915,1324,512,224,2313,698,100,271,44,2677,1461,4001,3084,3460,8313,153,2426,8780,11843,49,4707,9438,733,1657,1373,243,881,395,839,464,177,773,29,192,55,1148,100,3196,162,390,978,26,44,98,49,15,110,45,64,61,17,168,25,115,69,23,79,17,795,5731,1509,2593,7406,4823,5238,6010,3613,2,8249,9032,1773,3324,9761,4643,3082,4565,2916,1186,1052,764,3618,4377,941,609,1152,435,648,2880,2235,3806,1721,318,1447,311,1646,1090,1801,1038,863,1505,3997,4184,3027,3240,978,13903,1817,9151,6711,6677,4475,4803,2051,1954,1518,19,11779,531,3882,1608,14480,3596,1343,13888,1004,10347,1189,729,3990,2391,11781,2231,10017,1765,775,2778,2903,1309,7021,352,245,71,2260,1038,6008,380,8293,3607,1042,661,92,1952,5196,3963,7,3188,1284,1450,580,1420,929,1095,2451,757,2909,3263,318,3369,2653,4872,2591,3804,1506,2953,198,4436,555,1317,2450,4272,2326,2971,1362,3338,9560,796,6270,6163,7583,113,1397,2576,61,4187,1415,1731,5921,7741,6889,6533,775,276,698,42,6959,6,2613,1495,491,5049,2106,408,3558,623,2912,3736,1503,7,103,2379,40,54,11,22,9,38,3,2,4,56,65,7,8,62,39,15,6,1799,730,392,84,1083,748,1300,518,885,6,304,2783,2118,585,102,1651,285,2705,2027,813,2306,12104,1812,4748,12166,4733,10722,1268,8236,8667,4544,3102,9938,3326,32,134,114,138,89,162,118,3,46,47,65,7,112,112,277,711,258,305,288,927,459,25,1478,825,884,17,546,217,1582,1168,1168,899,1810,629,326,1410,1009,1525,322,684,94,72,1101,105,78,39,72,12,4,102,7,153,17,41,87,95,34,0,215,19,2
4612,1,999,138,4956,446,980,2084,1841,2829,215,676,783,2446,1468,5,2088,151,253,847,294,88,31,1023,905,290,87,81,461,663,1599,273,320,1608,421,106,586,607,376,392,784,189,622,1095,137,353,116,258,21,1375,334,670,280,8835,672,1721,1317,2450,1382,6695,584,677,601,840,329,154,68,47,59,1,1893,2829,1282,1292,877,2640,301,1348,4086,884,680,1831,1656,2623,2690,1847,338,858,3849,1865,1472,1069,924,1524,646,72,4681,510,1682,2049,1903,154,333,2982,3842,6379,5587,5140,779,6084,13049,2724,4625,8867,7966,641,729,2142,1105,277,565,11,141,1614,234,284,223,443,1342,1,24,514,98,119,626,195,71,264,1165,786,704,63,1622,294,989,775,626,635,913,274,684,99,67,743,281,267,321,1952,347,793,616,270,473,5,171,68,66,285,128,478,39,406,49,775,2598,578,2123,4025,1776,1885,1008,253,387,80,304,129,61,222,709,221,615,413,466,113,226,100,54,183,10,201,81,135,199,296,785,11,150,285,393,3,239,162,1295,2513,3579,646,3113,908,5148,4282,511,1009,146,925,564,7498,1782,3118,24,315,321,2529,3713,5036,586,1429,4163,3243,1790,3214,3418,7505,1212,7366,1173,796,6302,620,662,2185,1772,1651,2244,1391,1228,1406,1466,2,4190,8617,1031,1625,911,2660,289,455,248,238,127,140,588,832,297,124,194,172,68,145,77,730,260,91,255,132,131,163,192,62,148,225,569,442,808,784,178,1781,834,859,942,722,738,124,107,299,130,1,1824,51,49,42,311,83,68,330,15,212,53,30,60,98,274,101,373,48,72,98,82,108,83,39,6,2,49,46,167,11,362,117,14,35,16,430,2013,3320,2,1343,936,374,232,633,357,346,474,345,2275,3836,137,279,1114,778,628,334,257,705,71,489,196,471,1315,1096,1496,562,486,896,6385,1517,8460,4350,5402,253,8592,8765,51,3970,2290,7201,18861,11390,6327,2022,218,146,346,74,1900,9,1274,615,187,1008,460,838,1090,86,950,619,515,2,41,367,618,110,142,903,282,1282,41,176,246,782,1035,485,114,425,842,151,61,4524,931,694,86,1350,294,405,719,466,96,1927,850,3427,872,22,1266,340,65,36,83,109,444,66,309,816,423,186,60,273,133,120,186,223,147,168,1118,658,912,1034,855,835,73,411,889,554,230,769,2,36,214,9,63,17,141,52,12,258,30,49,3,62,132,1605,2118,532,611,796,2530,1491,2881,2474,817,427,1046,65,350,963,209,707,424,414,115,177,432,138,1746,106,283,784,2230,338,7,738,329,24
1782,635,6007,23443,7760,1537,1562,4820,3555,6686,10730,6369,2072,7646,8323,38,32167,2020,236,725,346,854,1528,6606,3432,1067,131,298,2301,1106,12463,1135,1471,4460,2095,516,3253,1070,3000,270,1765,274,2442,1506,228,706,410,1183,37,1331,2396,1268,737,24082,9586,6016,13147,1724,8729,10328,2487,1963,4691,3766,772,355,469,30806,1319,8,8021,7992,4505,1332,753,1011,580,506,2844,802,1183,3402,3188,6115,13089,5546,659,460,578,276,731,87,32,61,104,20,720,115,239,167,307,97,40,14,23,87,30,38,188,23,22,23,36,24,39,15,9,47,10,1387,798,72,144,1614,478,1503,2291,1551,1552,2,48,761,910,316,775,223,175,38,73,27,25,2,62,7,28,29,13,78,21,13,58,4,605,136,86,116,87,141,103,107,112,10,24,7,144,8,17,140,31,9,94,5,10,2,35,9,18,9,9,9,64,224,489,23,14,29,8,4,22,131,231,156,362,25,15,1,0,2,599,8839,2001,7201,8283,4860,25524,299,8781,8723,7087,15,2456,1975,10794,17930,26953,6956,22491,23676,40352,23114,2747,7774,488,3779,3989,42729,3279,10,27,4,1,31,111,867,231,599,1769,809,3115,3581,544,33504,16833,7000,22146,4076,7070,3840,8,9,8,14,171,4,3,12,4,1,18,23,6,4,18,16,1983,2940,3319,1839,796,2158,4942,4889,2301,2009,1118,1070,2,13,9,30,23,11,21,4,15,10,3,6,14,4,14,1317,450,1321,343,2833,1820,1064,799,890,1331,550,138,132,225,14,1173,345,399,198,1355,818,722,1929,112,820,146,175,422,1438,1197,261,1044,174,2860,5870,18886,8424,6646,1295,829,507,9330,5502,7742,649,10088,1050,1745,4954,30,1233,1727,3229,10,2041,958,929,1107,1669,3218,1748,1592,750,1816,1239,192,1486,4842,18228,19104,2156,2344,3499,291,7834,4724,8065,127580,4146,6333,9722,20321,10333,17,5,19,17,22,3,9,14,0,27,4,22,22,14,14,11,2631,740,1198,131075,13734,22,8235,2593,1012,9274,1920,2398,9565,2601,5066,7736,5494,3603,63516,30444,2996,449,15,14,6,33,3,3,6,19,32,5,6,26,33,3,4,200,192,167,39,795,494,1047,138,182,43,169,147,162,121,30,141,31,6823,4233,3561,11383,13125,2313,8384,4621,4711,10633,1073,7866,14757,2128,3484,2248,6064,106,2602,3758,2610,4678,7830,1623,81,3364,3923,4373,1021,3378,8630,15630,6728,6296,5777,5306,10536,17139,2838,19404,85256,39951,545,80024,304,684,2093,493,239,730,747,362,528,325,1542,438,1485,1605,714,6904,726,3412,1096,995,179,969,1752,167,3815,1604,2889,3678,1769,1460,171,25604,1375,121
417,34,2846,2430,7431,1600,2989,3508,3348,4360,1248,1848,1519,4259,2441,12,6462,204,345,1328,580,130,49,3259,2909,498,136,117,510,721,1400,274,368,2748,758,272,757,2607,2589,595,9140,1392,1276,3461,382,1576,1141,2288,141,5261,2264,18165,939,6735,1669,1483,2470,905,750,3263,742,1717,1461,5060,629,335,142,586,178,0,1492,1145,868,800,838,932,198,231,1028,195,241,2848,1241,1203,1843,2417,1325,629,3483,1442,1985,1342,712,1218,389,38,8848,421,1155,2055,1298,276,737,980,2777,1693,1759,1391,1402,859,2971,1347,1232,1786,1832,190,283,910,439,1881,1414,35,278,1602,362,1296,1422,1510,2488,1,59,942,300,285,1943,392,200,522,2613,1269,1116,114,4382,311,1363,972,1957,1186,1759,522,1068,236,154,751,325,442,361,1107,185,920,593,168,408,12,281,114,121,523,188,860,26,1021,159,910,1415,1691,2250,5001,2379,2309,830,742,1447,289,695,655,206,657,2184,713,4161,2576,1616,814,1194,377,69,374,46,764,297,1126,851,714,3585,49,1657,2944,1504,8,950,974,2297,3800,4934,539,3318,1087,4630,1359,659,2552,83,1147,355,5581,1396,1668,235,251,300,532,449,2192,368,249,1684,601,808,1272,847,2008,517,2610,1464,504,1839,468,1249,1928,1638,2476,4128,2281,1121,2400,3475,0,5175,9799,1471,2358,2387,4007,738,1075,1607,789,479,607,1332,1754,842,647,710,392,882,1338,954,3047,1936,641,2576,559,2427,1565,1165,638,994,1134,3150,403,496,779,148,2017,691,1353,760,1127,1557,497,203,262,198,3,2012,136,265,160,1115,445,285,2006,131,856,136,166,302,792,1732,406,2243,463,298,1942,629,449,1197,100,41,9,138,104,722,37,1533,257,318,405,67,1350,2016,3541,3,2412,1483,2056,478,1451,565,799,1691,964,2589,4676,144,1644,6624,4200,3186,2203,1313,5337,540,2578,539,700,2994,4828,6402,2707,1910,1768,3828,615,3861,4672,3150,230,2815,2701,84,2820,899,1951,5347,3580,3763,2397,438,165,550,958,3310,8,1583,824,311,2977,723,1053,2904,315,3124,2254,1444,70,1559,3409,1992,375,598,2122,797,3272,152,611,551,2862,4180,2000,476,2142,4675,923,373,3417,1218,981,111,1081,1679,1041,494,342,108,1097,2982,3080,851,94,966,274,245,137,170,423,1449,324,746,919,693,880,559,1321,834,597,733,618,614,444,2688,1636,2202,1387,2401,1656,38,806,1726,807,247,1358,21,60,353,118,487,265,2781,2906,191,4023,2310,4582,58,3412,146,1263,1275,639,767,700,1156,756,1458,1053,2216,239,595,273,229,1068,329,315,138,127,69,35,158,27,743,65,81,239,956,67,2,467,146,9
638,34,384,1826,404,223,145,283,373,246,14,226,96,301,146,3,599,26,579,14216,3759,24,82,1247,796,72,9,33,517,236,2090,72,15,541,341,84,252,8,26,11,41,9,15,7,3,11,13,63,0,46,48,49,10,13099,10720,9636,7345,4227,8606,14827,4761,195,829,500,151,96,60,1459,153,2,1483,1536,979,543,667,444,387,72,1217,276,119,978,1165,718,1986,1784,137,67,505,196,212,183,33,77,29,7,328,30,142,40,580,21,53,214,472,721,351,224,727,444,487,277,286,302,340,82,51,174,97,3292,6769,71,915,1709,523,1327,1334,4124,5742,1,174,3978,1374,846,4719,459,4494,9561,8419,23488,3583,912,21921,6200,21753,21048,11640,3915,13292,3516,17401,1166,245,3292,633,2101,1503,960,260,3190,6284,348,1740,22,609,167,1331,1547,2355,1889,23,692,199,540,1278,2219,4331,3662,3903,3451,2199,1547,13473,2232,2649,3526,1178,5646,9635,3276,8258,5851,3159,2990,10165,1966,376,1332,3,56,74,291,233,190,801,10,459,669,553,5,240,231,7988,18980,13043,4330,9053,5385,5702,5385,3488,8334,343,3040,403,14446,4613,1,2,2,1,86,456,2658,254,148,627,293,471,704,110,1432,303,1490,975,1128,1212,1106,3,15,1,2,43,3,4,3,2,4,9,11,2,5,16,16,101,82,41,49,103,228,315,469,44,33,181,182,1,6,2,11,66,3,15,2,7,3,10,5,3,3,8,116,49,77,18,246,32,140,138,83,52,62,34,13,31,0,198,37,133,57,666,217,64,473,20,305,71,39,61,133,359,176,269,62,180,862,617,581,618,911,264,70,604,945,1344,106,6891,633,204,640,4,255,480,1314,1,259,33,123,184,733,258,364,155,165,97,822,53,194,553,464,1012,1216,427,2066,97,886,272,323,2562,5331,3972,2287,816,335,248,24,410,331,322,11,175,154,17,470,132,171,367,526,660,1646,173,11,42,266,1179,2,990,348,55,402,99,58,608,507,302,1164,554,410,1381,3208,1441,1453,2,0,0,1,0,2,4,2,2,1,2,2,4,0,4,3966,1537,1959,359,7591,4212,5882,3722,4557,8,1176,2756,10041,4061,479,6345,2141,7130,1320,2089,1639,8212,721,2685,10589,6460,7181,754,7010,10334,9256,8824,9652,8437,0,2,2,0,1,1,2,0,0,0,2,1,1,613,5242,1749,2732,4583,2889,6345,4744,398,12150,9612,7584,134,7948,5526,16245,23055,5637,5438,8877,4980,22765,27916,24665,18905,3788,25571,17357,21656,72888,7101,965,382,376,98,210,858,108,2212,615,1260,942,1116,261,23,1881,569,75
4613,1,273,66,279,7,25,56,89,79,13,209,62,92,41,1,140,5,1111,185,1210,0,1,0,3,0,0,1,2,2,0,0,2,37,1,0,5,1,0,0,7,0,0,0,0,3,0,5,0,1,6,2,846,0,0,0,0,2,0,0,0,0,20,139,2,3,0,4,4,0,2,0,962,1271,878,418,67,245,442,182,39,654,352,585,1318,415,1,0,1,2,6,0,0,0,2,0,0,1,0,0,6,0,0,340,366,271,195,71,1050,376,321,156,303,262,608,75,38,94,94,79,558,84,124,6070,180,338,799,3312,4229,1,167,3917,1125,468,10693,104,0,0,0,3,1,0,1,0,1,5,1,0,0,0,10,0,2,11,1,4,1,0,0,7,0,1,0,0,3,1,0,2,2,47,12,9,4,13,397,112,140,77,113,186,38,86,208,12,46,38,22,84,597,271,918,1466,127,32,197,145,13,207,11,167,1,57,57,14,9,1,0,512,72,0,10,18,1969,3112,277,198,140,1668,1733,16949,174,56,29,100,83,528,1,199,413,4,123,0,1,1,0,1,3,1,0,8,0,16,1,1,21,1,1,0,0,2,0,0,2,0,0,1,1,0,0,2,0,1,1,4,2864,5639,1387,2026,1458,1299,6935,10092,1003,895,2445,2781,6,17,9,46,74,6,44,1,6,12,65,13,3,113,477,7471,2254,4556,1477,26166,2200,4327,3901,4358,1943,6928,1956,442,366,20,14061,223,1912,794,2704,1336,2823,9912,188,3317,275,1049,159,1502,3289,314,816,495,2,88,10,6,48,2,1,12,0,1,0,4,37,0,0,2,0,2,1,4,0,3,0,0,6,0,0,0,0,0,1,2,0,106,347,591,174,24,2,17,3,127,107,181,987,113,140,46,96,1350,3246,271,7956,2646,2695,515,11805,6379,227,9295,1339,1244,30204,26199,9393,10011,406,39,215,418,639,2,630,235,65,683,141,1995,1623,342,33811,2719,4110,93,243,3422,6164,1862,1,0,0,2,0,0,0,4,0,0,0,1,3,2,1,2,0,0,0,1,0,4,0,0,9,0,6,1,0,0,1,0,2056,1083,783,667,5523,640,3360,4592,1807,2691,76,1918,1898,196,219,286,928,3882,5057,18835,7095,21828,21181,13630,103,2680,4829,7024,969,5115,8,256,506,31,213,417,3283,1814,473,12136,4647,3290,71,2526,1,0,0,2,2,0,0,0,1,3,1,0,0,55,0,2,1,664,263,222,54,2,63,5,357,273,177,682,1125,75,5,2596,316,8
147,15,612,265,75,30,38,137,85,52,5,4,20,38,21,0,108,1,282,208,495,27,28,205,235,242,3,4,404,247,450,64,124,528,64,87,194,5,12,7,62,4,42,70,6,19,188,2094,31,6154,590,432,431,959,1973,849,3898,1445,168,973,199,18,104,1693,186,23,1,287,8,0,8523,37714,6705,2579,3335,4532,528,22,1428,260,30,1590,78,62,331,220,82,171,633,2562,204,63,3,65,2,0,40,4,9,18,8,4,3,331,208,7,685,38,527,47,67,369,84,119,139,14,8,56,47,21,535,1,6,114,45,64,26,715,513,4,90,2231,1425,83,2026,45,54,67,56,1636,493,81,1497,627,7247,1514,836,216,285,20,132,18,75,265,179,625,177,274,370,614,6606,459,336,5,1503,692,764,2290,1129,35,50,15,16,223,17316,175,54,493,466,2725,1837,12,27,18,4,6,0,3,17,5,25,15,25,11,40,6,0,2,2,776,15,27,547,13,12,3,3,24,9,0,0,3,930,959,787,506,647,310,535,68,128,221,10,61,19,124,91,1561,168,9,192,32,84,121,69,11,132,602,20,33,7,209,22,190,195,82,241,49,1380,8992,4876,5986,1153,734,221,840,449,1,1372,2577,103,59,932,3881,74,121,299,17,8,5,46,71,45,7,14,185,241,67,55,113,281,11,45,58,12,62,124,110,18,155,190,132,53,600,35,614,194,394,371,456,57,23,11,8,76,1,124,90,1915,989,1070,631,131,1748,298,910,92,76,151,390,695,97,216,117,33,2686,658,289,374,992,713,119,955,249,73,34,3045,304,91,50,0,28,21,14,1,22,0,1,32,59,7,8,19,6,0,18,6,16,112,39,1,424,672,394,2,5,5,4,4,6,5,6,10,2,494,21,1192,16,9,16,601,174,9,2891,188,318,2818,555,1291,258,184,12,12,238,2537,10,104,116,120,5088,113,1360,288,39,463,167,5,220,601,15593,307,77,39,111,0,99,1,10,8,2365,1403,59,111,1665,1259,768,124,16,2,3,1,21,25,8,3,3,16,0,5,16,5,0,14,2,5,6,5,6,35,4,19,10,6,49,4,13,24,11,7,14,7,150,1174,63,99,413,18,562,1,41,65,97,178,44,6,11,72,35,17,6204,6636,719,28,9757,4708,4566,4,191,8,2,2,1,8,2,7,1,4,3,4,3,149,12,14,4437,72,9615,1167,452,1485,129,473,21,4572,2093,365,1776,2960,229,0,27782,1073,304
616,7,991,20405,8051,2045,714,2026,2421,2712,178,621,280,1345,488,2,2496,127,43,285,247,252,143,4159,2292,322,50,229,1852,1174,4136,303,117,2564,1702,374,1728,1084,3434,1310,3662,790,1316,980,60,154,65,86,23,4601,500,4008,263,2740,2158,3383,1409,1188,1559,5114,1149,489,4332,3942,2021,572,307,7098,351,2,972,755,183,242,452,330,138,48,649,258,62,1401,882,177,1481,2853,743,280,2106,1658,747,862,161,538,151,12,1904,281,761,296,3487,23,267,790,1405,5097,3270,2035,5177,2594,1713,327,2167,1970,1628,2223,223,684,1627,47,468,4,59,329,25,33,45,238,939,0,34,1473,178,291,1050,38,285,971,553,4662,283,96,2268,332,2141,1511,1588,145,1935,77,569,38,528,3854,2116,8636,2426,2753,3000,8565,14105,2499,5048,110,3320,617,1407,1805,5042,285,24,72,58,244,551,686,2320,1685,756,1732,515,186,791,98,84,172,40,316,611,362,601,292,437,219,773,182,38,186,26,392,71,749,382,143,277,5,87,652,401,0,109,138,558,399,929,470,513,828,1309,958,279,160,11,40,51,890,72,6,0,1,2,1,1,0,0,3,0,7,0,0,1,9,0,1,4,1,0,0,2,30,307,1329,255,197,19,8,87,2,124,1301,130,120,36,2772,356,744,596,442,75,97,427,425,83,92,124,52,453,443,360,1684,324,213,717,81,548,1817,2430,745,227,1243,1584,619,631,1886,313,2800,404,1790,895,995,2113,515,141,74,243,3,1218,55,100,43,187,86,47,447,17,250,51,84,9,82,333,87,93,37,177,1069,1051,1192,1774,1266,102,13,489,990,610,101,5304,1928,518,224,16,1251,3237,7485,0,718,303,546,1234,3792,459,1248,759,402,455,3604,311,476,2084,1170,1957,970,386,3302,55,1800,290,531,6007,7064,2030,544,500,239,621,322,3065,1844,5617,302,1749,1300,129,4617,1795,965,8190,4881,7661,11993,1321,149,459,3696,3138,2,1892,753,182,1408,587,1296,3397,1300,386,7553,4772,332,859,14974,929,399,28,184,22,213,14,170,36,95,317,268,40,232,497,73,15,2879,751,1815,143,4265,18312,5415,610,1404,15,970,654,5519,945,280,1057,140,246,148,179,368,939,244,604,626,710,655,80,1103,2378,1462,896,514,551,0,3,0,1,0,2,0,0,1,0,1,1,0,18,53,112,32,539,82,315,312,113,978,5089,3684,16,4459,337,1284,743,1877,975,1098,794,702,1526,2336,667,183,696,63,271,1031,85,3488,1413,1673,763,107,669,81,2072,386,435,1807,3028,698,11,722,2278,83
651,7,391,1462,541,276,492,387,1127,898,254,588,204,987,259,3,925,61,139,463,106,89,69,1768,1120,286,32,116,770,309,2113,139,101,2216,393,270,530,500,704,565,2194,430,1319,1187,137,1012,586,1230,32,2439,2877,2980,886,838,194,553,830,93,422,457,96,435,494,468,84,210,48,1028,212,1,1411,651,445,244,364,343,273,59,619,124,142,1078,255,1409,2284,2819,651,230,1296,511,730,307,48,264,64,10,746,112,227,120,656,69,115,390,1097,1394,545,404,1251,859,480,806,577,297,618,62,140,324,108,613,469,35,60,280,64,158,281,390,623,0,9,198,174,51,343,106,109,310,380,415,181,17,755,63,541,439,217,243,317,110,417,32,622,1698,273,919,663,1331,288,1540,879,135,795,9,973,67,222,935,736,349,11,135,20,109,107,147,650,675,339,581,186,155,627,144,252,246,80,105,910,174,1751,4715,595,281,702,229,56,95,11,96,49,394,140,152,1637,13,597,879,730,9,239,299,2482,2560,3341,546,2529,410,1162,618,116,4532,97,718,329,9828,238,271,162,193,148,8,27,97,44,11,83,38,108,57,17,512,74,137,259,68,121,24,818,1194,314,2818,2962,1577,1525,2631,1645,1,8678,4215,634,2506,3922,2972,901,1045,997,1063,734,331,3420,3703,2170,1072,1189,133,176,208,249,688,164,124,278,59,286,255,268,164,195,97,520,547,669,740,196,2818,483,953,442,442,603,338,100,190,181,3,1289,26,119,94,586,259,121,674,49,359,31,17,120,141,1022,191,587,61,119,960,479,339,648,250,145,20,168,129,582,56,1167,288,476,1027,13,650,826,1543,0,447,178,255,181,770,568,671,669,274,338,967,58,285,416,448,295,623,215,1375,37,347,196,90,1449,654,1212,746,392,324,879,32,431,529,711,23,139,166,23,898,159,281,537,1023,989,1017,369,67,419,2919,1967,4,853,385,110,1018,598,116,1180,550,1196,1760,894,48,612,3329,290,43,336,619,228,1710,32,90,97,727,1250,149,207,937,1195,309,126,1004,165,78,34,1071,724,718,323,227,14,275,438,382,224,55,521,97,522,240,106,476,1270,169,745,742,857,859,164,1140,1063,467,315,564,389,452,1873,2124,1654,1638,2055,2821,12,749,361,1469,136,1137,35,54,247,68,466,126,847,703,46,1130,1030,1329,13,953,83,350,459,310,121,293,249,181,525,410,439,94,287,387,126,974,153,200,168,583,44,39,139,5,366,111,152,274,140,189,1,360,231,12
2260,3,118,978,287,95,411,298,768,561,85,237,97,347,93,2,754,46,49,383,34,68,78,3172,1906,102,11,64,587,230,470,125,66,2469,609,229,458,1704,1652,1460,3753,587,2029,976,52,938,179,355,23,2646,4494,5244,2993,9,5,14,14,4,11,5,5,19,13,17,11,34,1,10,23,0,177,99,71,19,31,22,19,10,54,10,18,54,19,44,133,203,756,124,1237,832,440,435,125,448,53,11,4003,182,339,157,692,89,282,6,28,26,13,4,9,6,3,13,14,19,19,6,4,12,3,24,9,0,2,9,0,7,5,4,20,0,1,10,3,5,11,1,48,15,7,7,7,13,60,5,24,9,10,26,173,33,25,3,9,30,2,19,9,14,3,10,4,2,8,0,9,2,0,12,6,116,4,55,20,478,99,506,227,722,612,799,326,55,117,25,82,120,32,36,176,41,701,1126,212,134,215,38,17,23,0,10,10,52,13,13,69,2,64,77,30,0,8,21,1117,882,961,148,2149,247,703,241,45,1077,19,444,84,2348,421,5,7,2,0,10,9,35,10,2,18,10,25,34,13,103,25,70,32,32,39,11,3,6,4,14,27,14,13,34,15,0,68,18,8,16,21,12,228,331,139,70,86,45,625,899,237,148,181,50,19,284,300,757,51,5,14,9,140,315,376,62,24,15,87,1388,1684,512,211,3413,439,1353,349,385,535,236,139,297,114,3,1158,0,18,6,44,13,10,15,2,16,3,7,11,5,49,13,39,4,22,114,15,16,391,121,170,7,41,43,122,24,481,33,81,25,0,9,21,44,0,10,3,5,5,17,19,16,17,6,20,27,3,20,25,20,26,44,18,60,2,18,33,12,268,53,63,55,12,43,14,5,33,20,23,0,5,23,0,62,8,15,18,12,28,42,5,1,3,14,32,0,20,6,3,31,1,1,19,28,35,55,27,0,103,133,144,40,371,720,233,4996,30,70,155,2080,5151,198,388,1250,3077,524,416,28,6,7,1,19,9,13,0,3,19,8,19,19,9,0,5,1,183,86,98,320,1548,60,1209,494,568,298,96,73,123,92,161,102,36,113,355,365,1280,573,1031,740,2,324,182,265,61,341,3,0,51,9,77,32,143,83,4,150,287,339,2,97,0,2,64,3,1,5,17,9,69,4,99,1,14,8,22,26,3,480,106,167,31,36,890,13,991,302,194,403,907,121,5,1732,32,18
856,8,231,379,611,147,213,512,417,401,168,281,104,568,276,2,874,29,2,5,2,4,2,36,17,0,0,1,3,2,4,1,2,3,4,0,1,44,44,0,233,21,65,18,2,12,15,24,3,354,257,554,187,5,171,178,459,42,101,49,56,407,35,11,3,3,2,6,3,0,193,228,75,22,31,46,18,2,25,4,36,73,27,66,158,132,451,125,329,171,329,191,22,103,33,6,1451,41,150,44,345,33,50,2,0,35,8,23,31,13,5,3,15,9,15,3,2,2,0,66,147,2,6,63,9,40,42,84,59,0,7,65,51,19,86,39,101,171,98,1141,284,13,527,39,671,253,785,276,374,69,335,12,94,55,3,117,19,13,8,53,19,1,5,1,18,2,19,8,29,3,7,0,0,3,1,5,4,2,6,4,7,4,12,5,11,2,1,1,7,4,19,17,4,11,8,3,2,1,0,8,9,22,10,7,74,2,35,45,25,0,21,34,684,410,731,698,409,746,370,71,171,744,31,139,68,1437,42,28,3,11,6,61,583,2647,274,40,832,166,624,903,65,858,317,953,615,1919,2023,1587,48,397,100,172,884,468,346,397,205,1,270,951,31,360,373,530,7,10,0,6,14,15,18,22,2,2,7,1,94,141,87,359,220,44,227,171,134,190,175,136,91,187,333,129,49,141,24,398,88,131,45,86,45,39,20,7,29,1,119,13,24,16,102,45,21,113,5,96,12,11,12,39,106,23,65,25,8,261,188,92,92,59,22,3,52,38,56,6,82,37,62,53,4,931,1183,2217,2,304,156,163,12,1723,480,937,2672,1053,475,1889,127,52,38,8,4,15,8,21,1,5,1,4,15,108,12,3,6,4,11,1,5,3,10,0,9,7,4,8,4,0,7,6,26,8,4,1,0,10,1,1,0,0,0,5,1,0,2,79,98,275,42,21,261,175,59,21,52,96,96,332,8,65,57,705,460,368,130,292,2970,178,157,24,3,9,0,33,177,78,52,8,3,6,7,57,10,0,23,4,1,3,0,7,26,1,8,3,5,4,3,16,9,4,2,6,5,164,196,172,265,442,463,638,2,115,138,207,25,525,59,121,808,382,870,366,2276,4903,346,6037,36991,18961,119,17220,77,238,309,127,71,266,138,839,719,1220,398,92,307,225,354,1480,195,582,79,207,10,16,135,7,162,107,165,268,301,111,7,625,93,6
684,39,745,1656,543,194,323,830,307,543,489,345,129,634,1092,4,934,40,106,553,189,0,2,1,1,0,0,0,0,0,0,2,4,3,0,0,1,462,429,149,656,73,318,680,297,1013,1484,1591,21,1032,1141,1446,210,3,1,1,0,1,7,0,0,860,36,111,138,171,6,126,77,0,1062,396,474,456,301,391,75,32,282,122,92,329,262,743,548,410,500,416,850,408,503,116,36,164,88,17,365,45,197,108,637,105,64,235,285,160,180,106,575,89,64,39,51,65,143,107,24,153,120,655,178,10,13,112,58,224,623,340,173,0,12,66,61,60,147,43,84,138,189,300,130,10,387,51,195,357,121,375,207,147,823,52,0,2,0,0,0,0,0,2,0,0,0,0,0,2,0,0,1,366,10,183,132,202,219,810,523,1045,273,613,701,266,600,95,246,164,73,146,505,231,426,270,335,248,400,87,24,119,15,178,13,59,36,47,185,6,138,232,198,1,52,61,1450,2648,4322,1036,2428,1457,3927,1957,214,1652,129,424,238,3392,418,381,1563,44,125,3,1,8,0,0,2,10,10,2,0,40,10,4,19,9,6,1,348,796,947,3665,2228,1592,781,664,614,0,976,2224,374,745,1469,2143,544,826,1259,433,195,286,511,656,423,405,251,201,9,88,33,67,72,26,130,50,172,114,72,67,63,39,73,172,63,194,33,404,266,262,128,176,451,110,28,17,27,3,131,12,20,14,40,33,31,111,12,36,8,7,12,39,33,6,29,6,187,805,743,259,579,158,58,16,220,409,328,29,1242,217,215,547,29,929,1636,4679,5,1186,925,504,35,1004,2461,906,1065,828,1405,1212,230,114,229,96,81,254,308,500,35,176,66,50,519,579,877,371,73,101,540,99,155,123,80,10,135,78,115,528,60,363,453,234,324,521,266,145,262,6916,942,2,830,323,143,1402,322,605,1979,244,409,662,628,547,9491,3448,252,154,24,42,96,248,12,88,136,223,107,94,25,92,136,27,9,1189,403,545,59,538,984,2585,247,159,17,146,308,246,185,18,117,59,186,108,140,301,679,109,517,330,240,562,246,925,929,132,268,291,203,1,10,2,15,3,7,3,0,2,11,7,0,4,232,398,205,156,226,147,376,206,81,708,1409,632,7,2113,161,354,1418,481,445,553,753,440,532,657,1553,320,395,509,604,3394,265,204,129,82,39,54,90,16,307,65,146,169,174,97,13,1130,180,15
362,19,443,1119,216,179,77,177,131,154,160,164,84,143,113,1,411,9,10,35,13,144,84,433,196,96,8,45,291,203,1492,156,243,509,169,50,197,205,368,225,720,69,143,479,109,1132,296,995,16,851,734,2599,346,2443,517,294,544,130,798,910,178,46,33,448,102,42,6,193,13,0,105,59,833,358,170,94,18,24,185,56,30,161,186,289,179,150,134,88,275,149,239,87,14,95,39,10,73,28,57,37,222,37,23,1065,1091,186,693,263,1352,218,424,193,485,90,200,140,18,128,199,92,57,5,7,142,19,107,111,70,66,0,1,39,25,7,80,24,52,71,382,375,166,23,1231,212,435,463,479,753,389,233,486,88,65,195,180,144,186,766,121,529,417,115,279,10,243,13,86,242,148,378,4,156,98,76,260,380,363,395,160,407,187,117,195,22,46,42,14,105,100,100,281,198,286,148,159,26,5,19,40,1069,48,293,310,251,878,29,504,554,544,3,110,170,579,560,1129,464,514,852,912,552,134,753,38,172,149,1610,114,331,1530,55,61,318,338,1006,272,139,524,219,1112,786,406,1022,1109,1455,1517,476,1396,505,594,317,142,466,371,475,332,258,276,0,530,516,187,331,686,920,128,219,230,335,65,57,209,256,179,146,116,68,42,281,96,165,220,49,135,67,176,133,96,77,108,132,212,112,54,87,40,324,186,257,93,130,272,127,19,28,48,0,154,24,44,20,142,89,73,323,31,94,14,17,66,206,147,48,208,45,115,163,162,78,369,36,46,14,189,144,131,12,503,207,77,57,0,25,44,137,1,48,24,20,21,37,56,47,53,33,73,53,7,96,305,110,128,181,184,250,30,112,101,75,530,294,421,257,54,102,367,67,197,142,73,12,170,72,17,276,42,212,323,93,264,831,358,165,203,8429,637,3,281,118,66,981,215,564,977,143,197,233,162,73,1125,1632,118,21,34,101,109,306,30,122,87,496,363,476,33,180,329,92,45,886,421,516,26,297,870,941,101,192,10,316,1231,661,96,35,299,42,214,55,114,218,458,135,365,230,203,403,369,431,405,115,445,263,219,117,874,1187,964,1224,1172,590,13,413,651,584,144,494,11,31,25,8,21,12,58,52,8,48,194,92,2,234,34,189,532,176,126,77,222,94,166,175,512,43,65,29,66,376,31,54,60,58,26,15,31,5,89,7,30,78,94,34,3,893,81,5
1284,30,565,3214,417,71,35,52,181,245,407,777,272,369,48,10,741,49,12,18,15,19,4,146,105,24,3,8,61,18,76,20,15,289,38,22,67,85,173,17,350,24,87,24,9,96,279,1439,16,537,1479,3214,261,347,286,100,409,79,175,147,23,628,12,31,5,22,5,31,25,0,193,351,102,85,162,133,7,11,153,12,50,349,72,236,250,134,442,91,91,67,181,51,18,36,22,3,169,13,17,20,63,4,11,26,226,219,52,49,139,64,87,58,52,63,107,33,21,43,13,89,61,6,4,45,8,195,78,103,74,0,5,210,162,63,188,21,20,26,43,51,31,3,76,11,46,44,18,33,31,16,56,5,407,225,95,293,195,170,45,101,117,12,61,2,70,7,35,209,93,23,4,17,7,11,56,27,52,24,29,39,30,43,101,17,32,43,8,19,122,28,176,240,164,59,43,12,4,6,3,163,81,140,208,175,398,6,69,178,139,1,75,44,240,327,532,114,763,335,602,244,29,326,12,82,37,883,83,50,534,23,15,29,34,196,15,0,32,15,50,16,15,2548,142,76,711,135,120,9,14,63,4,30,68,41,67,192,66,0,156,127,22,32,201,157,135,203,185,106,174,175,264,267,136,91,119,62,38,40,31,78,15,14,174,50,76,56,34,23,22,13,48,103,53,87,13,289,95,113,117,63,97,34,5,8,79,0,98,5,12,5,43,18,10,46,4,22,7,4,6,13,51,12,60,10,15,127,31,14,78,16,29,5,35,25,101,33,186,54,28,59,2,197,292,668,0,82,43,17,8,297,538,154,70,22,99,114,10,112,218,112,58,126,103,85,1,27,18,9,142,236,338,240,39,64,59,15,58,73,50,4,23,51,5,240,29,152,199,91,102,66,36,2,7,53,55,0,37,26,8,61,18,11,174,163,124,389,143,28,8943,801,130,16,31,50,17,100,3,9,6,92,264,39,12,110,124,1048,6,512,65,47,9,188,243,254,151,69,25,30,127,58,59,6,71,26,6,12,6,55,57,41,64,20,27,293,28,70,91,16,16,48,20,18,40,59,99,65,299,123,0,52,26,71,17,211,70,170,660,285,204,320,1599,2069,222,2333,4761,3029,61,3868,3,12,74,18,11,16,93,30,90,120,183,110,61,439,65,309,41,41,30,42,38,8,38,3,167,11,15,67,7,19,1,1834,27,2
4614,2,60,186,111,40,79,87,74,96,50,84,48,117,101,1,177,12,26,97,21,12,10,294,207,34,2,9,59,43,131,38,26,284,77,30,117,28,38,30,97,21,80,93,11,58,56,222,2,190,197,175,58,102,87,88,101,120,98,91,25,122,110,253,28,99,23,261,57,0,276,195,124,92,89,129,35,21,184,33,59,201,83,251,324,375,45,33,113,34,82,33,13,20,15,2,236,20,39,45,55,12,11,48,94,107,81,59,70,37,64,72,30,70,101,9,12,44,17,136,93,7,10,127,24,50,64,90,201,0,1,78,19,14,63,21,21,91,135,84,55,9,231,21,150,89,55,102,75,46,124,16,85,415,72,146,111,197,32,222,83,25,141,0,100,35,30,243,75,39,2,24,2,30,26,62,76,63,39,74,29,36,77,20,66,30,14,18,110,41,187,173,109,50,74,23,6,14,5,80,37,124,64,100,424,2,193,289,185,1,107,76,58,88,136,25,157,32,138,43,14,106,4,22,18,206,41,150,14,45,64,9,8,106,36,4,54,20,95,70,17,552,52,95,219,82,139,23,75,80,123,199,132,90,44,136,93,1,292,410,42,85,230,216,60,73,80,59,48,56,133,184,94,55,46,25,37,74,56,329,53,31,74,24,84,74,67,55,82,29,120,77,65,59,21,222,61,149,107,89,83,19,23,49,21,0,178,8,17,16,153,37,27,114,7,73,13,7,29,19,94,23,128,17,45,158,81,46,104,21,8,20,46,24,101,13,166,31,51,118,3,61,139,233,0,186,128,59,94,62,114,94,130,42,143,188,15,38,71,74,27,80,43,125,7,46,11,18,156,144,159,90,50,78,157,30,146,243,208,5,95,107,5,119,47,79,143,109,249,162,38,6,34,63,293,0,129,89,19,176,36,41,158,51,159,290,181,12,198,521,63,12,52,329,61,234,22,23,27,170,312,60,32,186,225,94,18,294,50,22,5,81,142,155,45,26,6,86,112,165,61,2,63,28,40,26,38,56,253,27,87,123,98,164,59,200,176,76,70,106,43,25,151,116,181,119,245,141,0,56,46,88,11,113,9,10,21,5,38,13,61,87,4,182,153,117,2,91,29,224,235,78,40,266,119,155,313,186,211,53,165,76,37,310,99,24,19,42,6,2,23,3,30,8,18,31,15,5,2,50,15,0
1142,3,1007,1743,1039,298,242,558,1053,517,66,163,59,91,36,0,305,13,1,4,4,5,3,31,31,1,1,2,20,8,23,1,0,33,15,2,13,1,3,2,14,0,1,5,0,2,3,1,0,9,2,10,6,27,5,13,7,2,4,7,1,414,1392,3183,473,650,216,4743,220,4,9,9,6,6,3,6,3,0,10,1,0,10,2,9,9,13,313,247,1687,1173,539,734,27,139,47,2,430,69,752,111,2271,45,117,375,636,3186,1337,353,1515,1521,1095,103,482,664,617,478,163,164,293,5,6,1,0,6,0,2,5,9,16,0,0,6,1,0,5,1,6,6,74,31,20,1,41,5,31,13,18,11,37,9,10,4,10,41,11,32,19,14,9,58,48,14,10,0,13,12,17,14,43,78,8,26,8,50,59,201,195,197,510,279,194,431,704,122,137,592,47,230,1439,310,773,885,177,202,1023,586,48,238,0,3,2,6,5,5,26,0,14,22,9,0,4,7,6,5,3,0,4,0,2,5,0,1,0,0,0,5,2,3,50,2,6,0,1,1,0,0,2,1,2,2,0,5,1,0,1,6,19,13,3,3,2,10,8,5,1,2,6,0,9,24,1,5,11,17,8,19,13,3,2,4,16,20,5,3,8,6,0,0,0,12,1,2,2,0,4,0,0,0,0,0,1,209,66,226,22,320,133,245,113,125,205,64,21,6,5,0,57,0,3,1,18,4,4,18,2,15,3,1,2,4,16,2,13,2,2,9,3,3,3,1,2,0,2,2,3,0,4,3,2,6,0,96,665,1190,0,912,279,412,433,971,859,611,1328,708,294,1667,125,10,15,11,13,22,12,18,1,5,2,4,3,29,18,7,5,0,2,0,3,11,7,0,8,1,1,21,2,2,15,8,21,21,9,6,20,59,69,0,47,27,11,32,9,13,54,9,38,82,33,2,90,23,1,1,1,3,1,4,0,1,2,1,5,0,2,2,4,1,0,74,6,21,3,103,17,106,19,19,9,13,9,55,22,4,23,1,1,0,2,1,15,3,7,3,6,4,5,10,8,1,2,7,4,1,9,7,8,7,8,5,0,2,0,1,0,7,0,1,2,0,0,1,0,1,0,2,3,3,0,3,1,5,3,1,1,1,4,2,3,3,4,0,5,1,0,3,2,27,1,7,0,0,7,0,6,3,5,7,9,16,1,110,5,0
532,9,60,850,74,23,46,10,37,11,73,97,45,81,30,2,280,12,0,4,1,6,4,54,34,0,0,0,4,2,5,0,0,7,2,0,11,241,109,47,1331,69,524,74,67,128,464,592,28,1112,4083,3995,2124,2,28,56,101,6,40,4,93,60,36,8,2,9,7,43,13,0,244,374,510,189,186,51,52,8,220,43,71,233,45,297,341,261,513,59,89,35,304,71,8,156,33,6,625,23,29,19,29,7,2,4,4,209,11,71,119,40,14,20,40,46,49,51,10,15,3,99,491,4,15,215,28,42,5,78,189,0,11,182,182,78,175,47,12,10,2,54,1,4,29,47,8,248,1,15,7,13,71,0,409,231,3,260,134,22,19,125,66,3,16,1,51,11,160,24,157,1,0,1,0,4,0,4,2,30,8,1,13,0,7,3,1,0,0,0,5,1,95,7,2,0,1,4,1,6,0,10,76,48,22,14,883,0,9,85,18,0,52,114,55,113,172,36,102,17,34,26,10,239,4,45,8,139,26,9,12,5,3,2,1,89,1,0,63,26,106,12,8,170,14,9,17,93,8,0,2,30,22,10,35,8,105,108,9,0,11,50,2,30,37,74,2,3,2,2,6,2,5,7,4,0,16,2,92,10,42,108,42,34,296,169,18,34,8,243,73,8,58,135,32,30,10,123,24,57,28,23,27,6,2,4,5,0,24,4,5,5,107,32,7,50,5,36,10,1,3,7,15,38,36,3,0,88,1,1,65,3,23,5,22,10,35,2,7,3,42,145,1,62,20,11,0,5,13,7,10,50,49,106,18,3,1,11,3,88,8,4,55,28,77,36,1,2,0,1,2,80,9,7,3,3,0,1,1,1,26,0,0,0,0,4,0,0,0,0,21,1,22,0,2,91,54,0,43,8,2,19,57,1,29,12,20,119,6,41,9081,124,1,0,5,0,0,0,5,0,0,7,3,0,4,26,1,0,0,12,2,0,3,19,314,27,1,0,2,1,7,4,6,5,20,4,0,2,0,0,11,0,1,1,3,3,5,12,0,2,2,3,3,1,9,18,10,10,148,17,0,8,1,13,2,21,18,45,809,227,175,120,1035,2489,21,1637,2518,1036,39,1118,5,7,76,1,2,19,0,7,220,57,23,12,177,1875,14,641,224,805,25,22,1,1,20,0,28,20,62,25,2,7,2,68,16,0
4615,0,29,160,51,11,37,43,63,58,23,51,26,52,30,0,315,8,8,55,11,3,3,92,73,5,4,1,30,15,39,6,6,104,26,16,30,78,92,46,235,40,204,62,15,124,45,187,1,168,357,301,120,23,11,18,58,20,12,21,7,13,113,60,6,38,2,46,23,1,287,184,91,47,44,41,15,14,80,19,26,110,22,100,245,412,69,14,97,38,59,25,9,53,8,0,274,22,30,28,49,11,10,18,37,43,24,21,74,25,17,28,22,20,39,10,5,23,8,148,67,3,8,127,7,34,66,97,162,0,3,50,29,12,54,27,8,4,37,20,16,3,45,6,21,20,18,15,22,12,35,4,25,92,24,41,39,43,5,64,32,2,26,0,27,5,5,33,14,27,1,21,4,25,18,39,56,67,39,59,39,56,37,16,47,23,12,13,79,31,203,174,107,55,126,21,3,18,1,39,19,62,24,40,227,3,94,161,97,0,32,38,46,48,71,8,68,20,94,36,6,83,3,27,6,147,16,6,2,7,15,21,22,88,18,25,77,43,173,283,65,799,138,275,164,116,167,117,18,19,16,48,61,35,27,52,45,0,141,97,10,41,49,64,21,23,12,7,12,14,53,51,26,12,18,5,27,33,32,96,36,32,76,14,43,23,40,19,28,17,68,31,39,31,9,105,26,76,60,44,24,8,8,18,19,0,71,5,14,7,73,25,13,50,3,30,6,3,13,14,67,21,71,9,52,48,29,19,52,3,3,4,28,16,84,9,105,30,52,79,0,24,41,43,0,19,16,7,28,27,43,39,43,12,28,40,8,20,27,30,29,59,12,85,4,26,14,10,147,42,73,31,23,46,51,4,39,61,71,1,27,24,2,50,8,25,30,41,88,53,23,5,37,37,178,0,170,80,10,131,36,12,197,32,90,383,162,3,56,644,17,6,36,82,25,227,4,11,13,215,179,30,18,146,189,38,19,148,39,8,5,436,208,162,68,41,0,198,165,187,89,45,55,18,18,4,12,11,69,7,36,26,41,44,21,48,29,22,26,21,19,13,45,54,45,41,101,54,0,21,12,45,4,31,3,10,16,1,20,3,44,40,3,81,34,54,0,50,7,70,72,10,14,82,92,56,121,62,64,5,55,17,16,70,46,4,1,4,0,8,8,0,4,5,0,8,5,3,0,28,1,0
463,2,130,308,172,51,138,163,147,150,107,225,75,289,129,2,335,8,28,115,28,36,16,318,238,38,8,15,117,73,233,30,24,348,54,40,141,43,72,58,135,32,143,130,12,127,118,263,5,242,422,217,101,271,91,111,171,108,132,163,124,160,129,202,17,43,10,302,40,0,294,168,141,89,77,107,31,21,199,24,45,191,87,209,265,350,113,48,180,80,212,41,20,42,28,5,292,27,50,59,114,19,21,68,138,147,99,60,152,54,84,89,55,128,149,11,14,65,33,209,102,4,8,99,21,67,89,86,188,0,1,59,24,17,63,25,25,74,147,126,72,7,293,28,146,140,79,123,98,49,171,18,93,298,82,203,193,250,28,256,137,27,113,3,134,18,41,210,112,86,2,66,17,52,60,112,218,184,131,272,110,21,68,12,50,23,11,15,109,21,163,139,69,42,101,14,5,12,4,84,27,147,59,56,347,8,175,481,252,0,76,67,113,144,284,49,225,70,267,82,16,235,8,77,33,435,88,130,99,45,31,27,43,583,76,9,215,45,251,190,46,1832,268,408,759,144,282,82,154,154,141,380,369,188,147,299,254,0,715,845,103,223,453,603,74,84,79,54,43,34,146,176,75,77,34,17,31,76,62,260,77,50,115,36,112,112,111,70,128,68,176,199,93,97,23,362,158,168,121,88,123,58,32,43,44,0,258,13,37,20,172,84,53,203,7,101,14,8,28,39,153,21,200,15,61,123,45,49,84,33,20,3,34,17,137,11,325,49,44,85,6,136,225,424,2,184,111,62,45,138,191,199,184,78,177,224,18,102,144,196,67,182,72,313,21,90,22,21,366,242,363,213,119,170,362,79,446,921,567,15,249,233,25,510,115,316,456,470,984,652,124,19,144,605,924,1,609,296,71,569,182,67,771,51,148,353,152,9,460,714,66,28,71,396,78,246,16,30,31,192,283,48,45,163,292,70,25,337,70,30,7,173,203,137,64,51,4,93,229,245,58,5,81,40,48,41,25,90,293,30,165,180,179,238,71,242,212,114,144,137,72,46,183,163,216,127,471,190,1,89,48,153,27,148,3,7,27,2,23,2,30,25,1,62,29,44,1,47,19,94,125,49,34,97,105,58,171,117,125,40,118,61,65,270,70,31,22,33,4,10,12,1,53,6,20,21,43,18,1,54,30,0
4616,0,0,0,1,0,0,0,0,1,0,0,0,0,0,0,0,0,9,37,12,0,0,0,0,0,0,0,0,0,0,0,0,0,0,0,0,7,9,12,49,28,89,28,8,60,8,103,0,38,108,115,32,7,7,7,27,6,12,2,0,2,194,417,107,127,22,27,87,0,0,0,1,0,0,0,0,0,0,0,0,0,0,1,0,0,0,0,0,0,0,0,0,0,0,0,0,0,0,0,0,0,0,2,13,6,5,2,1,4,4,3,1,3,2,0,0,7,0,0,4,0,1,0,1,0,1,2,4,0,0,2,0,0,2,0,7,6,6,15,5,4,2,6,5,17,8,6,30,2,23,0,0,0,0,2,0,0,0,2,0,0,0,0,0,0,0,0,0,0,1,0,0,3,6,1,13,59,81,14,16,22,64,10,47,38,13,6,72,14,37,34,20,41,126,41,30,68,0,1,2,3,4,2,2,0,1,2,6,0,5,9,0,0,0,0,0,0,0,0,0,0,0,0,0,0,0,2,0,1,1,0,0,0,0,1,0,0,1,0,0,1,0,0,0,0,0,0,8,9,8,11,24,15,12,21,43,0,28,80,8,9,19,7,8,6,5,3,1,2,12,8,1,0,1,0,0,0,0,0,4,0,0,0,0,1,0,0,0,0,0,3,1,0,1,1,1,1,0,0,0,0,0,1,0,0,1,4,4,2,18,7,0,4,0,29,2,0,1,1,14,13,35,3,6,848,401,251,932,104,97,39,605,111,209,61,425,62,275,862,0,0,0,0,0,0,0,0,196,0,0,0,1,1,0,0,1,0,0,0,0,0,0,0,0,0,0,0,0,0,0,2,0,0,3,0,9,4,12,0,2,5,0,1,0,2,1,1,5,4,0,0,0,4,2,0,1,0,0,0,1,0,0,0,0,2,0,0,0,0,0,0,101,477,136,582,35,98,98,509,364,81,152,580,294,256,31,37,15,3,22,700,232,151,319,46,0,18,56,175,502,33,402,197,1,2,0,0,0,0,2,12,1,5,1,16,7,7,1,1,1,0,0,0,0,0,0,0,0,0,0,0,0,0,78,274,519,390,272,260,768,943,24,1057,1321,715,16,464,2,2,1,1,0,0,12,0,2,0,0,0,1,0,0,1,0,0,0,0,0,0,0,0,0,0,1,0,1,0,0,7,0,0
4617,40,112,163,117,30,119,167,218,228,132,237,87,337,229,4,1423,12,1,3,1,7,4,61,24,3,0,1,16,19,23,4,2,70,2,7,42,33,27,34,108,4,77,78,18,84,59,134,11,79,197,157,48,22,2,3,5,5,3,8,2,22,44,127,8,28,4,155,37,1,9,10,123,30,29,21,5,6,20,1,19,45,18,41,37,22,44,15,30,6,47,7,6,8,10,4,98,6,15,2,7,13,3,20,37,32,13,20,113,10,5,14,9,13,16,2,9,39,9,14,4,1,1,6,1,6,6,4,5,0,0,2,3,1,4,3,13,8,19,27,11,0,42,4,21,37,16,24,14,8,40,1,5,47,9,31,10,20,3,67,8,1,52,0,19,6,1,17,5,11,14,4,0,3,2,13,36,18,14,31,11,11,35,9,8,9,4,2,31,15,102,81,53,20,72,2,0,7,3,28,13,49,16,54,233,4,151,204,93,0,29,35,1,1,5,0,13,1,5,2,0,10,1,4,0,28,2,20,8,20,16,29,35,124,76,31,229,23,330,104,22,1222,264,81,774,120,167,26,252,153,223,252,287,177,387,807,503,0,667,644,178,346,789,586,8,6,1,4,4,2,6,13,3,2,2,0,9,77,46,161,64,50,47,194,72,71,19,27,67,33,116,22,10,15,3,48,22,21,22,24,36,71,32,37,10,2,403,1,1,3,15,7,9,15,2,3,1,0,5,7,22,0,23,1,7,36,22,5,21,6,2,0,5,0,23,2,12,9,10,8,0,11,10,17,0,20,16,7,31,9,12,22,16,8,14,35,6,39,45,29,20,43,26,42,1,18,6,16,221,87,61,19,21,70,54,5,25,28,10,2,35,10,1,14,2,19,42,11,4,17,199,5,35,134,174,1,156,95,49,215,57,22,164,6,35,229,53,1,16,326,76,12,3,2,12,15,4,7,8,68,74,16,7,14,61,13,2,293,49,13,6,68,46,12,37,10,3,46,109,63,29,2,21,10,0,1,2,5,18,2,5,6,7,8,4,16,6,4,2,5,3,12,20,21,112,31,74,43,0,34,13,32,1,36,1,6,10,7,3,1,2,7,1,12,18,7,0,9,6,11,61,4,3,12,51,10,12,18,17,5,8,11,7,129,6,3,4,6,3,0,3,0,7,1,1,0,5,4,0,40,2,0
305,7,234,580,466,160,239,350,261,419,196,452,161,580,372,1,815,36,82,348,106,31,19,544,352,107,14,34,156,202,517,71,65,503,145,64,191,223,226,222,640,117,297,373,46,328,496,451,11,961,774,1100,288,359,150,145,174,110,149,148,45,164,411,765,147,189,30,752,93,0,344,260,235,188,176,264,65,39,283,63,99,334,148,495,448,413,195,67,322,179,221,105,19,115,44,5,432,53,105,66,228,30,37,197,392,483,361,175,582,203,298,287,330,313,400,52,66,192,109,714,407,22,90,555,71,237,294,356,1025,0,15,222,107,55,362,100,100,255,770,688,510,36,1209,132,812,493,340,378,465,175,1107,77,260,1364,922,590,528,1134,96,1916,2036,205,699,7,478,37,214,897,325,280,9,164,46,161,214,294,400,421,205,406,204,79,252,67,221,83,39,80,270,114,887,615,338,257,434,83,30,60,3,265,49,334,138,145,714,9,307,431,324,4,154,147,271,368,707,91,593,161,535,214,61,429,13,159,54,801,110,288,108,74,109,62,56,472,85,57,304,89,274,206,127,578,152,868,413,141,418,68,188,253,164,465,455,333,232,375,277,0,953,1054,199,391,676,733,320,370,735,283,316,238,1110,1082,381,302,272,130,77,262,127,859,192,103,270,149,207,121,175,118,227,146,338,190,215,226,39,648,201,370,329,309,410,139,82,119,89,4,592,21,51,30,240,130,66,337,22,152,19,18,63,73,259,58,252,42,94,150,74,88,92,30,17,6,69,42,182,13,415,48,49,106,6,109,212,378,0,261,153,62,161,113,180,144,199,59,219,324,28,157,356,345,146,449,162,597,36,160,69,80,702,672,807,329,190,292,1031,77,795,879,623,64,540,413,89,1103,146,232,997,1180,1771,1714,127,35,193,631,1180,3,639,406,98,816,231,172,1062,110,546,716,427,49,1061,1982,177,49,143,397,127,746,20,97,106,582,795,307,112,387,661,156,59,1139,293,145,21,420,519,516,157,155,12,378,512,629,202,17,177,127,93,45,56,87,265,49,124,240,182,228,72,259,206,75,87,161,116,127,580,402,583,447,721,705,7,270,155,332,57,370,20,30,73,20,108,30,129,160,10,427,311,255,5,248,26,178,283,105,86,156,304,142,352,253,243,69,256,111,83,401,102,51,37,32,9,6,18,1,45,8,25,33,44,13,0,153,16,3
1108,0,17,14,29,11,15,18,10,11,6,16,6,31,12,0,22,2,5,19,6,1,2,47,30,9,0,1,9,12,22,12,9,48,9,7,25,14,17,14,31,1,34,24,1,39,11,39,1,50,46,43,22,10,2,4,7,2,2,5,0,28,35,72,9,12,2,24,7,0,36,29,24,18,16,32,4,6,36,15,8,46,21,49,44,42,4,2,5,2,4,3,0,2,0,0,14,0,2,3,10,0,0,11,27,21,14,8,24,12,18,20,20,24,28,4,3,11,5,43,26,1,7,26,4,7,21,25,46,0,2,8,6,3,19,8,5,17,56,29,25,1,74,12,53,27,12,34,32,22,44,6,11,80,15,30,24,48,2,43,14,3,24,0,15,2,5,27,9,7,0,11,1,7,15,18,24,22,7,19,4,3,10,3,9,6,1,2,11,10,26,18,17,6,10,2,2,1,7,73,20,21,14,15,45,1,11,18,14,0,7,5,23,37,45,6,50,12,35,6,5,41,3,10,10,63,19,23,1,8,37,5,8,25,21,4,28,7,72,10,4,223,36,31,140,30,48,6,7,18,16,29,41,7,10,20,20,0,37,51,12,18,41,60,17,21,34,15,13,17,39,57,38,24,12,10,14,29,21,64,27,28,71,10,14,21,12,10,21,19,73,16,24,5,2,50,7,24,21,21,17,12,9,13,7,1,51,1,4,2,15,5,2,21,0,7,2,3,1,6,16,8,25,3,0,12,4,0,6,2,0,1,2,1,8,0,10,3,5,2,0,26,50,41,0,32,18,16,19,27,31,30,27,8,28,65,2,7,36,25,14,24,11,40,8,15,2,5,83,71,71,28,23,32,482,9,174,48,127,65,580,226,40,868,65,81,2104,2048,765,325,20,10,31,20,138,0,62,58,15,93,25,17,168,15,29,146,35,5,46,202,21,3,58,298,60,370,5,21,27,261,352,82,52,166,321,48,32,56,16,11,1,33,53,33,10,8,1,9,28,28,13,0,23,4,10,4,11,19,48,6,17,23,17,29,11,39,19,6,16,17,8,11,99,74,78,55,79,65,1,52,21,47,3,28,2,5,8,1,9,3,22,23,5,45,34,22,0,28,1,19,20,3,8,8,13,12,30,26,21,2,30,3,6,15,8,4,3,0,1,1,0,0,1,0,4,0,2,2,0,7,2,0
1022,0,0,0,0,0,0,0,1,0,0,1,1,0,1,0,1,0,0,0,0,0,0,0,0,0,0,0,0,0,0,0,0,0,0,0,0,0,0,0,0,0,0,0,0,0,0,0,0,0,0,0,0,0,0,0,0,0,0,0,0,0,0,0,0,0,0,0,0,0,0,0,0,0,0,0,0,0,0,0,0,0,0,1,0,0,0,0,0,0,18,0,0,0,0,0,0,0,0,0,0,0,0,0,0,0,0,0,0,0,0,0,0,0,0,0,0,0,0,0,0,0,0,0,0,0,0,0,0,0,0,0,0,0,0,0,0,2,2,11,0,0,5,0,2,3,6,2,16,1,3,0,0,0,0,0,0,0,0,0,0,0,0,0,1,0,0,0,0,0,0,0,0,0,0,0,0,0,0,0,0,0,0,0,0,0,0,0,0,0,0,0,0,0,0,0,0,0,0,0,0,0,0,0,0,0,0,45,0,0,0,0,0,0,0,0,0,0,0,0,0,0,0,0,0,0,0,0,0,0,0,0,0,0,0,0,0,0,0,0,0,0,0,0,0,0,0,0,0,0,1,0,0,0,0,0,0,0,0,0,0,0,0,0,0,0,0,0,0,0,1,1,0,0,0,0,0,0,0,0,0,0,0,0,0,0,0,0,0,0,0,2,1,1,0,14,2,8,1,5,3,1,0,2,0,0,9,0,0,0,0,0,0,0,0,0,0,0,0,0,0,0,0,0,6,1,0,0,0,0,0,0,0,0,9,0,371,10,0,3,0,0,0,0,0,0,0,0,0,0,0,0,0,0,0,0,0,222,612,230,341,191,5,125,8,171,136,112,3725,164,123,58,218,102,30,6,57,70,123,8,40,7,1,63,16,7,179,166,89,82,26,0,69,994,124,0,157,45,6,103,67,243,79,203,284,628,492,76,618,183,0,0,0,0,0,0,0,0,0,0,0,0,0,0,0,0,0,0,0,0,0,0,0,0,0,0,0,0,0,0,0,0,0,0,0,0,0,0,0,0,0,0,0,0,0,0,0,0,0,0,0,0,0,0,0,0,0,0,0,0,0,0,0,0,0,0,2,0,0,0,0,0,0,0,0,0,0,0,0,0,0,0,0,0,0,0,0,0,0,0,0,0,0,0,0,0,0,0,0,0,0,0,0,0,0,0,0,0,0,0,0,0
318,0,3,10,3,1,0,4,1,5,0,2,1,3,0,0,6,0,0,0,0,1,0,5,3,0,0,0,5,6,18,1,0,5,7,0,3,0,0,1,0,0,0,0,0,0,0,0,0,0,0,0,0,0,0,0,0,0,0,0,0,0,6,6,0,0,0,4,1,0,3,2,2,1,0,0,1,0,1,0,0,2,0,0,3,1,1,0,5,2,0,1,1,1,0,0,6,0,0,1,5,1,2,3,2,3,3,2,2,2,3,0,2,4,5,0,0,0,0,1,0,0,0,0,0,0,0,1,1,0,0,0,0,0,0,0,2,2,1,14,2,3,26,7,5,3,1,2,4,0,10,10,1,9,4,6,2,1,0,7,28,4,5,0,1,0,8,4,6,1,0,0,0,0,1,0,0,0,0,0,1,0,0,0,0,0,0,0,1,0,0,0,1,0,0,0,1,0,2,451,100,83,10816,519,40,0,4,31,11,0,13,10,0,0,0,0,0,0,0,0,0,0,0,0,0,1,0,0,0,0,0,1,7,35,1,4,4,5,7,12,1,14,6,23,12,10,9,4,0,0,0,0,0,0,0,0,0,0,0,0,0,0,0,0,39,38,9,2,0,0,0,0,0,0,0,0,0,0,0,0,0,0,0,0,0,0,0,0,0,0,0,1,1,0,0,8,1,2,0,1,2,3,1,0,0,0,4,0,0,2,0,2,0,3,0,1,0,0,0,2,3,0,1,0,16,19,77,7,1,1,0,0,0,0,7,2,21,68,27,180,0,2,2,9,0,2,0,1,1,2,3,0,2,0,0,3,0,1,4,2,2,4,0,1,0,0,1,0,16,8,8,7,2,1,1,0,4,3,2,0,3,1,0,7,1,0,6,2,11,17,2,0,2,2,5,0,3,1,2,4,0,1,7,1,1,1,0,1,6,7,0,0,0,0,0,0,0,0,0,0,0,0,0,1,0,1,0,0,0,0,0,0,1,1,0,0,0,0,1,1,0,0,1,0,0,0,0,0,0,0,0,0,1,0,0,0,0,0,0,0,0,0,0,0,0,0,0,0,0,0,0,0,0,0,0,0,0,0,0,0,0,0,0,0,0,1,0,0,0,0,0,0,0,0,0,0,0,0,0,0,0,0,0,0,0,0,0,0,0,0,0,0,0,0,0,0,0,0,0,1,0,0
4618,0,22,85,33,8,24,15,38,41,14,28,12,25,32,0,137,5,1,8,2,3,3,52,55,25,1,4,21,8,91,4,19,75,30,7,24,21,14,20,44,2,28,15,4,13,5,15,0,43,60,46,18,27,7,21,21,12,8,8,1,0,61,67,19,9,7,18,4,1,41,24,31,24,27,21,8,5,42,2,6,40,15,60,81,48,19,6,21,5,15,4,1,9,4,0,131,1,7,24,11,3,3,30,82,78,48,18,50,35,27,30,40,34,60,4,15,15,9,42,28,1,4,32,2,12,26,26,67,0,3,13,12,2,23,3,3,11,17,24,6,1,38,2,30,22,12,10,17,10,11,3,5,26,5,13,29,20,3,12,6,0,4,0,6,3,1,9,5,10,1,8,3,3,7,17,13,21,8,13,6,7,21,5,23,11,3,2,50,11,113,84,28,21,32,6,6,3,0,5,3,24,5,7,48,0,10,28,18,0,4,13,15,27,41,7,40,11,68,22,0,27,0,12,6,61,5,10,349,1,3,1,0,5,0,1,2,2,5,5,0,12,1,4,6,0,7,2,3,9,3,7,12,6,4,6,4,0,26,21,8,4,15,27,22,24,27,23,21,13,53,54,24,13,21,3,6,11,12,34,10,6,14,3,11,13,10,5,7,6,9,30,45,25,6,95,25,61,40,32,40,17,11,11,14,0,100,4,9,5,33,8,5,27,1,19,5,1,4,6,16,8,30,4,3,14,5,6,1,1,1,0,3,0,10,0,18,9,10,5,0,1,3,14,0,1,0,2,24,2,1,1,4,0,2,5,0,20,88,73,25,49,10,147,7,30,20,22,158,62,241,76,31,53,58,2,45,50,58,1,22,21,2,39,2,9,33,71,78,49,5,4,9,9,49,0,27,9,0,26,17,34,62,6,28,63,39,2,23,128,4,4,18,27,10,76,0,2,4,44,85,7,10,42,62,5,4,41,18,5,0,19,29,63,12,5,0,15,23,25,9,1,10,1,4,1,1,7,11,2,7,11,10,24,2,16,6,5,12,2,8,2,15,9,7,7,13,10,0,3,6,4,0,9,1,1,2,1,3,4,6,18,2,34,83,48,0,47,3,29,37,13,6,55,16,23,42,22,33,5,19,21,5,46,13,1,0,0,0,0,0,0,0,1,1,2,1,0,0,8,0,0
1944,1,0,0,0,0,0,0,0,0,0,0,1,0,0,0,0,0,0,0,0,1,1,6,2,0,0,0,0,1,3,0,0,0,1,2,0,0,1,0,1,0,0,0,0,0,0,0,0,2,0,0,0,0,0,3,0,0,0,0,0,0,0,0,0,0,0,0,0,0,0,0,0,0,0,0,0,0,0,0,0,0,0,0,0,0,0,0,0,0,0,0,0,0,0,0,0,0,0,0,0,0,0,0,0,0,0,0,0,0,0,0,0,0,0,0,0,1,0,0,0,0,0,0,0,0,1,0,0,0,0,0,0,1,0,0,0,0,0,0,0,0,0,0,0,0,1,0,0,0,0,0,0,3,1,1,0,2,1,7,7,2,3,0,0,4,0,0,3,0,0,0,0,0,0,0,0,1,0,0,0,1,0,0,0,0,0,0,0,0,0,0,0,1,0,0,0,0,0,0,0,0,1,0,2,0,1,1,0,0,0,1,0,0,0,0,0,0,0,0,0,0,0,0,0,0,0,0,5,0,0,0,0,1,0,0,0,0,0,0,0,0,0,0,0,0,0,0,0,0,0,0,0,0,0,0,0,0,0,0,0,0,0,0,0,1,1,2,1,0,1,1,1,1,10,1,0,0,0,0,0,0,0,0,0,0,0,0,0,0,0,1,0,0,0,0,0,0,0,0,0,0,0,0,0,0,0,0,0,0,0,0,0,0,0,0,0,0,0,0,0,0,0,0,0,0,0,0,0,0,0,0,0,0,0,0,0,0,0,0,0,0,0,0,0,0,0,0,0,0,0,0,0,0,0,0,0,0,0,0,0,0,1,0,0,0,0,0,0,0,0,0,0,0,0,0,0,1,0,0,0,0,0,1,0,0,1,0,2,0,0,0,2,4,3,0,0,0,1,3,0,2,1,0,1,1,0,2,6,3,0,0,0,0,0,0,0,0,0,0,0,0,0,0,0,0,0,3,0,2,0,12,2,8,1,0,0,1,1,8,1,3,1,0,0,0,0,1,0,0,0,1,0,0,0,0,0,0,0,0,0,0,0,0,0,0,0,0,0,0,0,0,0,0,0,0,0,0,0,0,0,0,0,0,0,0,0,0,172,687,509,227,54,302,320,292,491,1714,371,213,267,1517,231,1115,309,482,49,88,4,2,9,2,23,19,65,49,106,117,5,91,14,0
390,0,9,10,10,7,3,4,4,2,4,14,4,10,0,49,17,0,4,7,2,2,13,2,64,1,0,0,10,3,15,17,6,13,9,7,7,3,9,13,37,7,4,7,2,4,47,4,59,14,10,17,2,27,3,7,14,1,2,5,11,2,10,28,4,4,0,5,7,0,6,2,5,129,26,6,8,1,132,3,0,13,16,14,21,6,4,1,7,5,3,8,0,1,3,0,26,6,5,7,9,18,6,0,3,8,10,13,11,5,22,8,9,1,8,9,4,1,1,10,8,2,5,9,2,38,3,4,6,14,1,11,7,2,92,19,24,7,24,24,1,3,14,4,8,12,13,8,6,1,121,16,1,47,7,10,7,12,7,38,24,6,3,0,8,9,5,11,2,12,30,5,0,6,17,14,15,10,106,11,2,1,3,2,7,3,0,6,5,3,5,4,22,2,4,5,3,3,0,2,2,5,4,26,1,9,0,13,28,6,21,2,33,15,16,14,5,6,9,2,3,33,0,7,5,10,9,4,34,0,1,9,10,7,4,13,17,12,235,12,1,6,21,18,43,6,7,11,2,9,10,4,6,16,6,12,6,0,26,20,4,15,6,9,6,6,17,3,8,7,8,28,0,7,15,12,1,4,4,8,39,2,156,3,2,6,4,9,1,11,9,7,2,4,7,17,4,9,8,39,4,24,6,4,15,1,6,7,13,1,3,1,1,6,9,1,1,2,50,14,36,7,26,6,8,6,3,4,8,0,37,1,64,17,10,3,38,13,2,4,0,3,26,55,0,8,13,14,4,5,7,16,34,13,0,41,0,2,10,5,6,9,4,3,1,19,5,14,12,21,16,14,7,12,21,2,2,1,3,9,5,18,0,107,8,2,5,8,13,49,6,0,5,1,5,13,10,7,7,68,11,0,32,5,18,77,8,5,10,21,5,0,6,8,3,45,0,3,2,12,2,3,3,4,4,24,2,10,11,15,0,34,15,24,3,5,24,6,16,5,18,0,17,5,6,18,3,4,19,4,19,3,5,3,7,17,7,10,13,2,13,2,8,14,12,7,3,2,0,3,4,104,1,46,14,5,10,0,1,3,8,4,0,7,22,15,0,11,1,9,6,12,1,4,4,13,5,20,11,9,10,3,2,8,4,22,15,6,12,0,4,0,25,3,5,1,8,5,0,47,7,0
2667,1,18,25,34,11,3,15,6,6,18,28,12,12,5,0,44,0,0,4,0,0,0,3,0,0,0,0,1,0,1,1,0,1,1,0,0,24,6,3,25,3,12,1,2,21,55,211,0,10,102,46,14,3,6,4,11,0,15,21,2,8,0,2,1,3,0,0,4,0,39,13,57,31,46,27,0,3,25,10,8,12,9,67,41,13,13,7,4,4,21,2,1,0,4,0,3,1,1,0,7,1,0,0,18,9,3,2,1,2,6,3,0,2,1,0,0,3,0,17,15,2,0,56,4,48,50,24,14,1,2,59,37,25,48,10,5,16,13,21,10,1,15,11,13,29,9,32,9,10,31,3,57,84,19,25,30,20,14,14,11,1,6,0,60,1,2,21,5,1,0,0,0,3,8,3,4,3,5,2,0,9,17,4,2,1,0,2,10,3,11,6,26,9,5,3,0,1,1,42,11,15,48,35,58,1,55,122,75,0,10,9,56,38,53,30,80,53,93,59,18,53,4,24,15,99,22,3,11,1,0,0,0,6,0,1,6,1,8,1,0,8,4,2,4,2,5,0,5,8,10,5,6,4,6,11,15,0,6,9,3,2,5,10,5,11,10,7,5,6,14,9,8,5,8,4,3,13,10,10,12,1,12,10,20,11,1,3,8,8,5,5,1,4,1,29,7,4,5,8,12,2,0,1,10,0,13,4,4,0,4,4,3,14,0,6,1,2,1,2,5,0,18,2,3,7,6,3,4,1,2,0,2,2,7,4,11,6,3,12,0,5,6,12,0,3,0,6,1,6,12,8,2,1,9,13,3,2,7,0,2,6,3,2,1,2,1,0,21,6,3,2,1,4,9,0,1,1,4,1,1,3,0,2,1,0,2,0,2,4,9,0,2,1,3,0,0,1,0,1,0,1,9,3,3,11,8,5,11,38,3,0,0,0,3,2,0,1,0,21,3,1,1,2,5,81,0,23,6,4,0,3,25,5,0,0,0,0,11,3,1,0,5,4,2,1,4,4,15,4,29,2,0,22,12,4,13,4,2,3,0,1,1,1,1,3,3,1,0,0,7,0,0,2,1,11,9,15,9,10,18,51,7,47,122,66,3,102,0,2,11,3,7,2,3,4,5,6,18,5,2,12,13,41,8,5,2,1,8,0,5,1,14,3,5,12,6,1,0,5,2,0
553,1,30,6,11,2,4,13,20,34,8,3,3,9,11,0,10,5,12,27,7,2,0,23,12,7,0,6,15,16,22,2,20,22,4,1,11,3,3,4,6,1,3,0,1,0,3,5,0,4,6,1,0,8,336,190,107,27,108,41,16,22,20,175,48,29,4,104,18,0,9,10,13,47,58,27,0,1,16,2,4,27,10,17,990,10,26,16,43,19,67,10,4,17,10,1,52,14,14,14,45,15,9,9,15,22,8,4,10,9,7,7,6,11,16,5,4,6,4,19,201,5,12,51,7,5,10,18,50,0,1,39,22,3,82,12,27,115,88,194,32,8,94,15,99,118,43,70,111,28,121,5,52,25,30,75,27,51,23,33,62,6,10,2,46,3,28,63,64,22,1,10,7,11,31,17,31,38,12,75,5,10,47,10,17,15,18,33,52,21,278,397,76,15,68,16,3,8,2,43,2,13,12,24,27,5,20,62,18,0,10,14,10,28,15,2,14,7,22,7,3,14,1,3,2,17,4,33,6,2,0,25,25,61,19,5,93,19,45,18,5,116,5,122,18,12,37,12,5,65,20,23,66,24,23,52,65,1,43,171,47,50,27,207,23,25,72,6,6,6,60,31,9,5,4,2,7,22,11,18,17,2,20,3,31,19,19,0,5,4,25,15,7,41,6,57,11,1219,31,37,21,13,8,2,12,0,66,12,14,22,274,11,3,63,2,27,3,7,12,22,22,5,29,6,32,92,383,208,259,101,53,6,127,65,256,20,297,146,138,165,0,6,23,18,1,13,10,8,19,7,8,14,16,12,26,245,2,12,7,40,6,14,7,8,0,11,4,6,81,12,12,8,6,8,60,3,12,13,11,2,9,6,0,7,5,5,74,8,14,10,20,8,9,5,225,0,28,9,2,654,31,13,41,6,40,33,17,0,2,26,6,4,10,60,9,79,4,13,17,83,48,10,15,80,30,49,8,109,33,13,1,14,18,11,5,1,0,1,37,12,7,1,10,6,18,11,7,20,126,16,29,80,30,64,5,77,79,82,42,82,35,3,10,4,10,6,11,39,0,2,2,13,12,2,13,16,73,42,17,28,61,92,2,85,113,64,2,21,136,1013,1194,822,337,420,203,120,556,991,909,218,393,64,70,540,75,1,2,0,0,0,3,0,8,1,2,7,2,0,0,4,0,0
4619,0,0,0,0,0,0,0,0,0,0,0,0,0,0,0,0,0,0,0,0,0,0,0,0,0,0,0,0,0,0,0,0,0,0,0,0,0,0,0,0,0,0,0,0,0,0,0,0,0,0,0,0,0,0,0,0,0,0,0,0,0,0,0,0,0,0,0,0,0,0,0,0,0,0,0,0,0,0,0,0,0,0,0,0,0,0,0,0,0,0,0,0,0,0,0,0,0,0,0,0,0,0,0,0,0,0,0,0,0,0,0,0,0,0,0,0,0,0,0,0,0,0,0,0,0,0,0,0,0,0,0,0,0,0,0,0,0,0,0,0,0,0,0,0,0,0,0,0,0,0,0,0,0,0,0,0,0,0,0,0,0,0,0,0,0,0,0,0,0,0,0,0,0,0,0,0,0,0,0,0,0,0,1,0,0,0,0,0,0,0,0,0,0,0,0,0,0,0,0,0,0,0,0,0,0,0,5,0,0,0,0,0,0,0,0,0,0,0,0,0,0,0,0,0,0,0,0,0,0,0,0,0,0,0,0,0,0,0,0,0,2,0,0,0,0,0,0,0,0,0,0,0,0,0,0,0,0,0,0,0,0,0,0,110,309,288,246,124,103,572,454,254,197,226,30,0,0,0,0,0,0,0,1,0,0,0,0,0,0,0,0,0,0,0,0,0,0,0,0,0,0,0,0,0,0,0,0,0,0,0,0,0,0,0,1,0,0,0,0,0,0,0,0,0,0,0,0,0,0,0,0,0,0,0,0,0,0,0,0,0,0,0,0,0,0,0,0,0,0,0,0,0,0,0,0,0,0,0,0,0,0,0,0,0,0,0,0,0,0,0,0,0,0,0,0,0,0,0,0,0,0,0,0,0,0,0,0,0,0,0,0,0,0,0,0,0,0,0,0,0,0,0,63,628,198,198,1,3,19,0,0,0,0,0,0,0,0,0,0,0,0,0,0,0,0,0,0,0,0,0,0,0,0,0,0,0,0,0,0,0,0,0,0,0,0,0,0,0,0,0,0,0,0,0,0,0,0,0,0,0,0,0,0,0,0,0,0,0,0,0,0,0,0,0,0,0,0,0,0,0,0,0,0,0,0,0,0,0,0,0,0,0,0,0,0,0,0,0,0,0,6,0,0,0,0,0,0,0,0,0,0,0,0,0,0,0,0,0,0,0,0
1497,0,0,0,0,0,0,0,0,0,0,0,0,0,0,0,0,0,31,99,22,0,1,4,7,0,0,0,5,0,6,1,0,5,2,1,3,0,2,2,1,0,0,0,0,0,0,0,0,2,1,1,2,10,5,8,10,0,8,5,0,54,6,8,7,14,1,2,13,1,1,2,20,1,2,9,0,0,6,0,2,2,4,6,2,5,0,0,1,0,0,0,0,0,0,0,1,0,1,0,0,0,0,2,9,15,9,5,2,10,8,9,2,4,1,1,0,4,2,1,3,0,0,5,0,0,1,1,0,0,0,1,0,0,0,0,0,1,0,0,2,0,1,0,4,2,0,4,1,0,1,0,3,6,3,7,2,2,3,11,14,5,6,0,6,2,6,6,12,0,3,1,0,1,2,3,0,2,1,0,1,1,11,2,1,3,1,3,12,2,21,11,6,1,11,1,0,0,0,2,1,1,1,1,3,0,1,20,1,0,1,1,0,3,3,0,0,0,0,2,0,2,0,2,0,4,2,37,9,15,11,0,0,0,0,0,0,0,0,0,0,0,0,0,0,1,0,0,0,1,0,0,5,0,2,2,2,0,1,2,1,0,1,2,3,3,2,0,1,0,3,10,1,4,2,2,0,0,0,0,0,0,0,0,0,0,0,0,0,0,0,101,20,35,5,131,26,8,19,31,21,10,5,2,18,2,35,0,0,1,0,0,0,0,0,2,0,0,1,0,1,0,0,0,2,22,31,8,21,26,6,0,3,0,39,1,14,15,12,6,0,28,42,54,0,49,9,31,2,16,13,21,119,32,35,68,2,0,1,1,0,1,1,2,0,1,0,0,1,1,0,1,0,2,118,16,127,264,53,1,101,70,0,27,15,90,232,124,29,68,1,0,0,5,3,0,1,1,0,1,1,3,3,20,147,171,80,3,18,187,2,0,0,2,0,2,0,0,0,0,2,0,0,1,0,0,0,53,11,11,2,22,8,27,10,11,0,12,11,41,9,0,2,0,1,0,0,3,4,1,1,6,0,3,1,1,8,3,2,4,3,3,1,3,3,1,0,6,0,2,0,3,4,2,1,3,7,2,4,0,2,7,2,19,10,15,0,10,1,0,0,0,1,1,11,0,0,1,0,0,0,0,0,0,0,0,0,1,0,0,0,0,3,0,0,0,0,1,0,2,1,0
522,0,0,0,0,0,0,0,0,0,0,0,0,0,0,0,0,0,0,1,0,0,0,0,0,0,0,0,0,0,0,0,0,0,0,0,0,0,0,0,0,0,0,0,0,0,0,0,0,0,0,0,0,0,0,0,0,0,0,0,0,0,1,0,0,0,0,0,0,0,0,0,0,0,0,0,0,0,0,0,0,0,0,0,0,0,0,0,0,0,0,0,0,0,0,0,0,0,0,0,0,0,0,0,0,0,0,0,0,0,0,0,0,0,0,0,0,0,0,0,0,0,0,0,0,0,0,0,0,0,0,0,0,0,0,1,0,0,0,0,0,0,0,0,0,0,0,1,0,0,0,0,0,0,0,0,0,0,0,0,0,0,0,0,0,0,0,0,0,0,0,0,0,0,0,0,1,0,0,0,0,0,0,0,0,0,0,0,0,0,0,0,0,0,0,0,0,0,0,0,0,0,0,0,0,0,0,0,0,0,0,0,0,0,0,0,0,0,0,0,0,0,0,0,0,0,0,9,270,5,5,0,0,0,0,0,0,0,0,0,0,0,0,0,0,0,0,0,0,0,0,0,0,0,0,0,0,0,0,0,0,0,0,0,32,38,56,27,5,3,43,40,14,28,16,9,0,0,0,0,0,0,0,0,0,0,0,0,0,0,0,7,18,124,9,93,13,56,24,18,131,43,5,3,7,0,85,19,23,10,59,37,28,183,6,27,11,8,5,16,64,14,52,13,26,22,17,7,2,0,0,0,0,0,0,0,34,7,2,3,0,0,0,0,0,0,0,0,1,0,0,0,0,0,0,0,0,0,0,0,0,1,0,0,0,0,0,0,0,0,0,0,0,0,0,0,0,0,0,0,0,0,0,0,0,0,0,0,0,0,51,6,37,2578,630,0,164,36,16,239,34,269,98,0,0,0,0,0,0,0,0,0,0,0,0,0,0,0,0,0,0,0,0,0,0,0,0,0,0,0,0,0,0,0,0,0,0,0,0,0,0,0,0,0,0,0,0,0,0,0,0,0,0,0,0,0,0,0,0,0,0,0,0,0,0,0,0,0,0,0,0,0,0,0,0,0,0,0,0,0,0,0,0,0,0,0,0,0,0,0,0,0,0,0,0,0,0,0,0,0,0,0,0,0,0,0,0,0,0,0,0,0,0,0,0,0,0,0,0,0,0,0
4620,0,31,0,0,0,0,1,0,1,2,0,0,0,0,0,3,1,1,1,1,0,0,3,2,1,0,0,3,0,1,0,0,1,0,0,0,1,2,0,0,0,0,0,0,3,110,515,1,1,194,40,18,4,1,7,15,0,1,24,1,3,1,4,0,0,0,0,0,0,4,6,8,10,36,4,3,0,11,1,0,4,0,2,1,0,0,0,2,0,0,0,1,0,0,0,0,0,0,0,2,0,0,0,65,0,1,0,2,0,10,6,0,0,1,0,1,1,2,13,5,0,0,8,0,55,2,18,2,1,0,89,39,3,11,0,0,2,3,0,1,0,2,0,3,1,3,0,1,0,8,1,0,5,2,11,1,5,12,1,0,0,0,0,3,0,0,3,1,0,1,1,0,0,12,3,7,1,7,4,0,3,6,1,0,2,0,2,18,1,13,14,17,0,1,0,0,1,0,24,22,7,40,2,2,1,1,15,3,1,0,0,0,0,0,0,0,0,1,0,0,6,0,0,0,7,0,2,0,0,0,0,0,1,0,0,5,0,3,0,0,2,10,1,4,1,9,1,0,7,2,1,1,1,1,3,4,0,9,7,1,1,3,8,3,7,0,1,1,0,4,1,1,0,0,4,0,6,4,3,1,2,0,0,1,1,0,0,0,5,0,1,1,19,0,56,3,7,25,3,7,6,1,1,15,0,11,0,0,0,1,1,0,5,1,0,0,0,0,1,3,0,1,0,0,9,13,0,1,0,1,0,9,3,0,0,3,0,4,6,0,0,1,0,0,2,1,0,1,1,0,3,0,1,3,2,0,0,0,1,0,3,0,1,0,1,0,1,0,3,1,0,2,1,1,0,0,2,0,1,0,0,0,1,0,0,0,0,3,0,0,0,0,1,5,0,0,1,0,7,0,1,16,0,3,0,3,0,0,3,1,0,1,1,0,0,0,0,1,18,5,0,2,5,5,308,1,3,0,4,0,2,1,2,2,0,0,1,7,0,0,0,5,2,0,1,0,1,2,0,4,2,0,95,0,5,2,1,0,1,1,4,5,0,1,2,7,6,0,6,6,6,3,0,1,5,2,1,0,7,3,2,0,0,7,4,0,2,0,1,0,0,0,0,2,1,0,0,1,2,0,2,0,0,1,6,2,2,21,0,0,0,17,1,0,20,1,0,0,4,1,0
2652,0,0,0,0,0,0,0,0,0,0,0,0,0,0,0,0,0,6,21,1,0,0,0,1,0,0,0,0,0,1,0,0,1,0,0,0,0,0,0,0,0,0,0,0,0,0,0,0,0,0,0,0,0,0,0,0,0,0,0,0,0,0,0,0,0,0,0,0,0,0,0,0,0,0,0,0,0,0,0,0,0,0,0,0,0,0,0,0,0,0,0,0,0,0,0,0,0,0,0,0,0,0,0,0,0,0,0,0,0,0,0,0,0,0,1,0,0,0,0,0,0,0,0,0,0,0,0,0,0,0,0,0,0,0,0,0,1,0,0,0,0,1,0,0,0,0,1,0,0,0,0,0,0,0,0,0,0,0,0,0,0,0,0,0,0,0,0,0,2,0,3,1,8,1,17,10,10,3,17,0,0,0,0,0,0,0,0,0,0,0,1,1,0,1,0,0,0,0,0,0,0,0,0,0,0,0,0,0,0,0,0,0,0,0,0,0,0,0,0,0,0,0,0,0,0,0,0,0,0,0,0,0,0,0,0,0,0,0,0,0,0,0,0,0,0,0,0,0,0,0,0,0,0,0,0,0,0,0,0,0,0,0,0,8,25,25,12,9,3,32,36,6,9,5,1,0,0,0,0,0,0,0,0,0,0,0,0,0,0,0,12,15,8,0,32,6,14,12,29,20,15,7,8,5,0,62,1,3,7,41,7,3,18,4,24,5,0,2,2,38,5,16,0,0,0,0,0,0,0,0,0,0,0,0,0,0,0,0,0,0,0,0,0,0,0,0,0,0,0,0,0,0,0,0,0,0,0,0,0,0,0,0,0,0,0,0,0,0,0,0,0,0,0,0,0,0,0,0,0,0,0,0,0,0,0,0,0,0,0,0,0,0,0,0,0,0,0,0,0,0,0,0,10,22,39,13,124,860,533,0,0,0,0,0,0,0,0,0,0,0,0,0,0,0,0,0,0,0,0,0,0,0,0,0,0,0,0,1,0,0,0,0,0,0,0,0,0,0,0,0,0,0,0,0,0,0,0,0,0,0,0,0,0,0,0,0,0,0,0,0,0,1,0,0,0,0,0,0,0,1,1,1,2,16,3,0,1,0,0,0,0,0,0,0,0,0,0,0,0,0,1,0,0,0,0,0,0,0,0,0,0,0,0,0,0,0,0,0,0,0,0
1008,1,36,115,44,19,5,21,17,24,39,19,12,16,20,1,42,1,1,16,0,8,7,34,19,0,4,1,17,4,37,4,3,28,8,1,7,13,8,2,32,5,6,13,4,23,19,85,1,16,56,60,13,213,95,35,65,25,100,74,53,61,20,10,6,3,6,14,5,0,21,31,11,9,16,10,2,0,4,4,2,10,7,28,20,31,14,11,8,5,19,3,1,1,6,0,3,0,12,3,7,2,1,2,3,10,8,8,10,2,5,4,2,4,11,2,2,2,2,12,4,0,0,6,3,36,23,8,9,0,0,3,4,3,9,8,12,55,49,74,34,0,96,31,66,182,39,218,66,53,198,9,8,45,28,39,48,49,19,15,21,3,10,1,49,4,14,39,26,11,0,9,2,5,8,15,27,6,7,20,8,22,31,4,9,5,4,11,5,21,20,15,28,12,11,7,0,6,4,64,9,7,33,29,47,1,21,49,72,0,11,9,15,23,15,10,24,18,25,10,9,18,1,13,5,91,15,6,63,1,1,11,20,53,4,4,16,6,127,18,1,55,45,13,33,29,41,8,3,19,9,8,24,17,20,17,15,0,10,28,5,6,30,35,23,38,30,40,13,9,33,55,34,29,13,4,1,33,7,18,12,12,13,21,14,11,6,10,16,19,13,19,7,7,4,26,15,9,8,6,6,5,0,0,4,0,8,1,3,1,14,4,11,28,3,7,1,1,4,5,7,1,7,4,9,35,28,12,34,6,13,0,4,8,12,1,51,21,14,23,1,47,80,92,0,25,35,19,5,13,41,46,30,9,38,52,6,12,41,12,12,21,40,7,1,7,1,6,37,28,12,17,2,17,5,4,1,6,3,0,17,1,0,17,5,11,11,7,18,36,1,0,0,26,1,0,1,1,0,1,0,1,2,7,14,21,12,14,229,117,7,2,1,7,8,9,0,5,3,16,4,10,0,3,8,5,0,41,24,32,2,16,180,49,2,6,0,8,15,15,12,0,22,16,5,14,21,42,48,20,73,5,17,23,27,42,86,27,45,5,3,1,14,16,17,10,67,8,0,8,12,20,2,18,2,27,11,11,9,13,26,14,8,46,78,40,1,154,2,12,23,3,5,14,13,7,15,39,24,2,18,25,11,71,17,2,2,1,0,0,1,0,0,0,0,2,1,3,0,15,2,0
4621,0,13,0,1,0,2,2,1,0,1,1,1,0,0,0,1,0,2,0,0,0,2,3,5,1,0,1,1,0,0,0,0,1,1,0,0,0,1,0,2,3,0,0,0,1,56,328,0,0,148,33,8,1,0,0,17,0,0,26,0,2,0,0,0,0,0,0,1,0,5,5,9,14,37,1,0,0,7,0,0,6,0,0,0,0,0,1,0,0,2,0,0,0,0,0,1,0,0,0,0,2,0,1,36,0,1,0,0,0,7,8,3,0,1,0,0,0,0,14,5,2,2,2,1,21,0,11,2,2,0,55,26,3,5,1,2,1,0,0,0,0,1,1,1,2,3,3,1,1,12,0,0,5,3,9,1,1,0,13,1,0,1,0,4,0,1,0,2,0,0,0,0,1,9,0,2,0,1,5,2,4,5,0,3,2,0,0,37,0,13,26,33,0,3,0,0,2,0,6,12,7,33,1,1,2,5,5,3,0,1,1,0,0,0,0,0,0,0,1,0,7,0,1,1,3,0,0,1,0,0,0,2,2,2,0,2,0,1,0,5,9,6,5,3,1,12,0,1,5,1,2,0,1,0,2,1,0,5,3,0,0,1,1,5,3,3,0,0,0,3,1,3,1,0,3,1,4,0,5,0,2,1,0,0,0,4,0,0,0,0,1,0,9,0,50,3,4,8,4,6,4,0,4,12,0,6,0,0,1,4,0,0,4,0,0,0,0,1,0,1,1,1,0,0,1,4,1,0,3,0,1,2,1,0,0,0,0,3,1,0,0,1,1,0,0,3,0,0,5,2,4,2,0,4,0,0,0,0,3,0,1,1,1,0,1,0,1,3,1,3,0,0,0,1,1,2,0,0,0,1,2,0,2,0,0,0,0,0,0,1,0,0,2,5,0,1,3,0,4,0,1,12,1,0,0,3,1,0,0,1,0,2,0,0,6,1,0,0,12,1,0,2,9,5,222,1,6,0,0,0,5,1,2,0,0,0,6,4,0,2,0,6,1,1,0,0,1,4,0,0,3,1,71,1,3,3,2,0,0,0,4,1,0,0,3,6,2,0,5,1,0,1,0,4,3,3,1,0,4,1,3,0,1,7,1,0,1,0,1,1,0,0,0,1,0,2,1,0,1,1,1,1,1,1,2,3,1,5,0,0,0,10,0,0,16,0,2,0,7,0,0
1151,0,0,1,0,0,0,0,0,0,0,0,0,0,0,0,0,0,0,0,0,0,0,0,0,2,0,0,0,0,0,0,0,0,0,0,0,0,0,0,0,0,0,0,0,0,0,0,0,0,0,0,0,0,0,0,0,0,0,0,0,0,0,0,0,0,0,0,0,0,0,4,0,1,0,0,0,0,0,0,0,0,0,0,0,0,1,0,1,0,2,0,0,2,0,0,1,0,0,0,0,0,0,0,0,0,0,0,0,0,0,0,0,0,0,0,0,0,0,1,0,0,0,0,0,0,0,0,0,0,0,0,0,0,0,0,0,0,0,0,0,0,1,0,0,0,0,0,0,0,0,0,0,2,0,2,0,0,1,1,4,1,1,0,0,0,2,3,8,0,0,0,0,0,0,0,0,0,0,0,0,0,0,0,0,0,0,0,0,0,1,0,0,0,0,0,0,0,0,0,0,0,0,0,0,0,0,0,0,0,0,0,0,0,0,0,0,0,0,0,0,1,0,0,0,0,0,0,0,0,0,0,0,0,0,0,0,0,0,0,0,0,0,0,0,0,0,0,0,0,0,0,0,0,0,0,0,0,0,0,0,0,0,0,1,0,1,3,0,0,0,1,0,0,1,0,0,0,0,0,0,0,0,0,0,0,0,0,0,0,0,0,0,1,0,0,0,0,0,0,0,0,0,0,0,0,0,0,0,0,0,0,0,0,0,0,0,0,0,1,0,0,0,0,0,0,0,0,0,0,0,0,0,0,0,0,0,0,0,0,0,0,0,0,0,0,0,0,0,0,0,0,0,0,0,0,0,0,0,0,0,0,0,0,0,0,0,0,0,0,0,0,0,0,0,0,0,0,0,0,0,0,0,0,0,0,0,0,0,0,0,0,0,0,0,0,1,0,1,0,0,0,0,0,0,0,0,0,0,0,0,0,0,0,0,0,0,0,0,0,0,0,0,0,0,0,0,0,1,0,0,0,0,0,0,0,0,0,0,0,0,0,0,0,0,0,0,0,1,0,0,0,1,0,0,0,0,0,0,0,0,0,0,0,0,0,0,0,0,0,0,0,0,0,0,0,0,0,0,0,0,0,0,0,1,0,0,0,5,17,18,6,6,8,4,6,59,10,9,5,9,11,12,14,0,351,136,140,60,7,113,0,374,21,15,50,359,4,0,134,63,7
970,0,0,0,6,4,1,0,1,1,1,12,0,12,5,0,0,0,1,0,2,3,0,4,18,5,0,0,0,4,0,0,0,4,4,0,3,5,4,2,19,0,6,0,3,2,4,9,0,0,30,10,3,9,2,0,35,0,3,6,0,2,11,9,1,1,0,0,0,0,0,5,5,26,6,0,2,0,27,2,1,15,0,7,3,0,18,1,0,13,4,5,1,0,0,0,3,1,2,2,12,0,0,1,8,27,7,1,0,0,0,1,1,0,0,3,2,0,0,22,8,1,1,0,3,4,4,4,3,5,0,6,1,2,0,4,2,3,7,0,0,1,2,0,3,0,0,6,0,0,23,1,8,7,0,11,2,13,5,10,0,0,2,1,14,3,0,6,0,1,0,0,0,0,2,0,9,5,14,12,0,1,9,0,0,2,1,2,0,1,15,28,10,0,0,5,0,1,0,0,2,5,3,0,18,1,0,9,17,0,2,0,7,0,3,0,5,0,5,1,0,3,4,1,0,3,1,0,0,2,1,0,2,0,3,6,19,0,0,0,1,19,3,3,0,0,1,0,3,2,0,2,2,0,0,12,0,0,15,0,0,2,11,5,10,0,5,0,2,0,15,0,1,6,0,0,1,6,0,0,8,1,1,0,1,1,2,0,4,3,0,2,0,12,1,10,1,0,0,3,0,0,6,1,1,0,0,0,0,1,3,3,0,0,0,0,1,0,3,0,0,3,7,1,4,0,5,0,1,1,1,1,0,4,3,2,0,6,2,6,0,0,1,0,0,0,0,2,0,1,4,5,15,0,2,11,0,7,1,6,0,10,1,1,0,6,2,2,4,17,12,7,4,6,14,2,2,4,1,0,3,2,0,6,6,5,5,5,0,0,0,2,3,3,0,0,1,0,3,0,4,5,0,3,7,4,1,0,3,20,0,0,2,2,2,9,0,0,2,18,1,4,2,6,3,3,1,13,3,1,0,8,0,4,1,0,0,2,0,0,5,0,0,3,2,7,3,7,15,2,0,6,2,24,4,2,0,10,0,2,2,1,1,0,0,0,10,17,1,4,4,6,0,4,0,0,0,0,0,1,12,21,1,11,5,3,0,4,2,0,0,3,4,0,1,1,1,14,3,11,0,0,13,0,0,8,12,1,0,0,1,0,10,7,4,0,27,4,0,1,1,1
4622,0,1,2,1,0,0,0,2,2,1,2,2,0,1,0,2,0,0,1,0,0,1,4,1,0,0,0,1,4,5,0,0,2,1,0,2,2,2,0,7,0,12,3,1,11,1,12,0,1,17,13,5,3,3,0,1,0,2,3,1,2,2,1,0,0,0,4,1,0,4,4,1,2,1,5,0,1,2,2,1,5,0,3,3,3,0,0,3,1,0,0,1,0,0,0,6,0,0,1,1,1,1,0,3,0,2,0,3,1,4,0,1,1,7,0,1,2,0,4,3,0,0,7,1,4,3,1,7,0,0,4,1,1,2,2,0,0,4,2,1,0,7,0,6,3,1,1,4,0,3,0,3,1,0,3,3,4,0,2,1,1,0,0,2,0,0,0,2,1,0,0,0,0,2,2,2,2,1,1,0,1,11,0,3,0,2,0,2,2,13,11,2,3,9,1,0,0,0,0,1,2,0,2,4,0,8,2,5,0,2,4,1,0,3,0,3,2,0,2,1,3,0,1,0,5,2,2,0,0,0,0,0,1,0,0,1,0,0,1,0,2,0,2,0,0,0,0,1,0,0,2,6,2,1,5,4,0,4,8,1,3,2,1,4,3,3,1,3,1,5,9,6,5,3,2,2,1,0,7,0,0,1,0,3,1,0,1,2,1,1,0,1,0,0,3,0,0,1,1,3,0,0,0,0,0,5,0,0,0,1,1,1,2,0,1,0,1,0,0,3,0,6,0,0,1,1,1,1,1,0,0,0,0,3,0,3,1,0,1,0,1,0,1,0,1,0,0,1,0,2,2,0,0,0,2,0,0,4,0,4,5,1,7,0,1,0,0,5,3,4,2,2,3,0,1,1,4,2,0,4,1,0,2,0,0,0,1,4,2,1,0,0,5,4,0,4,0,2,4,2,0,6,0,1,11,4,0,4,25,1,0,0,1,1,3,0,1,1,0,7,1,0,1,4,0,0,5,1,2,1,5,5,5,2,0,0,5,3,5,0,0,3,0,1,2,3,5,44,2,3,3,0,6,1,9,12,9,14,4,1,1,1,0,7,0,1,2,0,1,1,0,0,0,0,0,0,1,0,0,2,1,0,3,3,4,0,4,0,1,0,0,0,1,2,0,2,0,1,1,1,1,1,7,0,0,0,0,0,1,0,0,0,0,0,0,0,0,0,0,0,0
734,0,2,0,1,0,2,3,0,0,2,1,0,2,1,0,3,0,0,3,0,0,0,1,1,0,0,0,0,0,2,0,0,1,0,1,1,4,6,8,25,15,35,21,4,33,3,55,0,21,67,55,15,0,0,0,0,0,0,0,0,12,4,6,3,3,1,1,4,0,0,0,2,6,3,7,0,0,1,0,0,1,0,2,1,1,0,0,3,0,2,0,0,0,0,0,1,0,0,1,0,0,0,21,16,19,12,9,11,31,18,7,8,14,9,5,4,12,1,2,0,0,0,1,1,0,2,4,0,0,0,2,0,0,2,0,0,0,1,2,0,0,2,0,2,3,1,0,1,0,4,0,0,2,0,1,0,4,1,2,0,0,0,0,0,1,1,1,2,0,0,0,1,1,2,0,2,0,1,2,0,3,9,3,4,1,0,2,12,2,22,18,9,1,20,5,0,1,0,6,0,1,0,1,3,0,0,5,4,0,0,4,1,1,1,1,2,0,6,1,1,2,0,0,0,4,0,0,0,0,0,0,0,0,0,0,0,0,0,0,0,0,0,0,0,0,0,0,0,0,0,0,0,0,0,0,0,0,0,0,0,0,0,0,12,13,6,1,3,13,18,11,4,2,3,1,0,0,0,0,0,0,0,0,0,1,0,1,0,1,2,0,0,0,0,5,3,0,3,3,2,0,0,0,0,0,1,0,0,0,3,2,0,4,0,7,2,0,1,0,2,0,4,0,0,2,3,0,0,0,0,1,2,0,4,0,0,2,0,0,0,10,39,18,0,7,3,6,1,6,3,13,36,10,15,40,2,1,1,2,0,1,1,0,0,0,0,0,0,2,0,3,1,0,2,0,1,2,1,0,2,1,0,1,0,2,2,0,0,3,0,0,1,0,2,0,2,0,0,2,5,0,3,0,4,1,2,0,0,0,4,5,0,0,0,0,0,0,0,0,0,0,0,0,0,0,0,4,0,1,0,9,3,1,0,2,0,5,6,19,3,0,9,1,0,0,0,0,6,0,4,1,1,3,0,3,7,2,2,2,0,0,4,0,2,3,7,3,0,2,0,1,0,2,0,0,0,0,0,0,0,0,0,1,0,0,0,0,0,1,1,2,1,2,6,0,0,0,2,0,0,0,0,0,0,0,0,0,0,0,0,0,0,0,0,0,0,0,0,2,0,0
4623,0,6,11,2,1,0,1,0,2,3,4,0,3,1,0,5,0,0,2,0,0,0,1,2,0,0,0,3,0,0,0,1,3,0,0,0,0,0,1,4,0,2,1,0,7,2,4,0,0,6,1,1,5,4,0,1,0,0,0,3,3,3,2,1,1,0,2,1,0,3,2,4,1,2,3,1,1,3,2,2,4,1,3,4,2,1,2,0,1,2,0,0,0,0,0,0,0,0,0,0,1,0,0,0,0,0,0,0,0,0,0,0,0,0,1,0,1,0,1,1,0,0,2,0,3,3,1,1,0,0,0,1,0,0,1,0,7,10,16,8,0,6,0,4,9,2,24,3,6,29,2,0,4,1,2,5,5,4,3,1,0,0,0,1,0,0,4,3,5,0,4,1,0,3,5,7,2,1,3,0,2,1,0,1,1,0,1,0,1,0,1,4,0,3,0,0,1,0,5,0,2,4,5,3,0,3,13,4,0,3,2,0,3,1,0,3,4,2,1,0,2,0,1,0,7,0,0,0,0,0,0,1,7,0,0,1,0,2,2,1,4,3,1,4,1,1,0,0,1,1,0,1,0,1,1,0,0,2,1,0,0,1,4,4,6,4,8,0,3,3,6,12,7,6,1,0,9,0,3,2,1,2,2,7,6,7,2,9,6,7,0,0,0,0,2,1,0,0,0,0,0,0,0,0,0,0,1,5,0,6,0,8,14,3,5,0,0,0,4,1,0,3,4,1,5,3,2,3,2,1,0,1,0,2,0,5,1,2,1,0,0,7,2,0,1,1,0,0,3,1,2,0,1,4,3,0,2,3,0,2,1,3,0,0,0,1,0,2,0,0,0,0,0,0,0,0,0,0,0,1,0,0,0,0,1,0,2,0,1,2,0,0,0,0,0,0,0,0,0,0,0,0,0,0,1,0,0,11,2,0,0,0,0,0,0,0,0,0,2,0,0,0,0,0,0,0,2,0,0,0,0,4,1,0,0,0,0,0,0,0,1,0,0,0,1,0,0,1,1,1,0,1,1,1,1,3,0,0,0,0,1,0,9,1,3,21,3,0,5,5,6,1,2,0,1,1,0,2,0,1,0,0,2,0,1,0,4,0,0,0,1,2,0,1,0,1,1,1,0,1,0,1,2,2,0,0,0,0,0,1,0,0,0,1,0,0,0,0,0,0,0
4624,0,0,0,0,0,0,0,2,1,0,0,1,2,0,1,0,0,0,0,0,0,0,6,6,2,0,0,0,0,0,2,0,7,0,0,2,0,0,0,0,0,13,4,1,1,3,36,0,1,78,7,23,4,10,0,3,0,0,1,1,0,0,1,0,6,0,0,0,0,0,1,0,1,27,0,0,0,4,0,0,8,1,1,6,0,2,0,0,1,4,0,0,0,1,0,3,0,0,0,0,0,0,0,0,2,0,0,0,0,0,1,0,1,0,0,0,0,0,0,0,0,0,0,0,1,0,1,0,0,0,0,0,0,3,0,0,0,0,1,0,0,6,0,1,0,0,0,0,0,0,0,1,1,0,3,1,0,0,1,0,0,0,0,0,0,0,3,0,1,0,0,0,0,0,1,9,2,0,0,0,0,0,0,1,0,0,0,0,0,1,2,0,0,0,0,0,0,0,0,1,1,3,0,0,0,0,3,0,1,0,0,0,0,7,0,4,0,5,0,0,0,0,0,0,6,0,0,1,0,0,0,0,0,0,0,0,0,0,0,0,3,0,0,17,0,2,0,0,0,1,0,4,0,1,1,0,0,1,0,0,1,1,6,0,0,0,0,0,0,7,0,1,0,0,0,0,0,0,0,0,0,0,1,0,0,0,0,0,0,0,0,0,1,0,6,0,0,0,0,0,0,0,0,0,0,0,0,0,1,0,0,0,3,0,0,0,0,0,0,1,0,0,0,0,1,0,1,0,0,0,0,0,0,0,0,0,0,0,0,0,0,0,0,2,0,0,0,0,0,1,0,0,0,1,0,0,2,0,2,0,0,9,2,0,0,0,0,5,11,0,0,1,0,1,0,3,2,0,0,0,0,0,0,0,0,2,1,0,1,1,0,0,0,0,1,1,0,0,0,0,0,2,0,0,0,0,0,0,12,7,0,40,0,0,0,0,0,0,1,2,0,0,0,3,0,1,5,0,0,0,0,0,0,1,0,0,0,1,0,0,0,0,0,0,0,0,3,17,0,3,2,0,3,0,2,0,0,0,0,0,0,0,0,0,0,7,5,0,0,0,2,0,10,0,0,2,2,0,1,2,5,0,5,3,1,0,0,0,0,0,0,1,1,0,1,0,0,0,0,0,0,0,2,0,0,0,0,0,0,0,0,1,0,0,0,0,0,0,3,0,0
1360,0,0,0,0,0,1,0,0,0,0,0,0,2,0,0,0,0,0,1,1,0,0,0,0,0,0,0,0,0,0,0,0,0,0,0,0,0,1,0,0,0,0,1,0,0,2,0,0,0,0,1,0,0,0,0,0,0,0,0,0,0,0,0,0,0,0,0,0,0,5,2,2,3,0,0,0,0,4,1,0,1,2,5,2,1,0,0,0,0,0,0,0,0,0,0,0,0,0,0,0,0,0,0,0,0,0,0,0,0,0,0,0,0,1,0,0,0,0,1,0,1,0,0,1,1,3,0,0,0,0,1,1,0,0,0,0,0,0,0,0,0,0,0,0,0,1,0,0,0,0,0,0,0,0,0,0,0,0,1,0,0,0,0,0,0,0,0,0,0,0,0,0,0,0,0,0,0,0,0,0,0,2,0,2,1,0,0,1,0,2,0,3,1,0,1,0,0,0,1,0,0,1,0,0,0,0,0,0,0,0,0,1,4,6,1,1,1,2,1,0,1,0,0,0,4,0,1,2,0,0,0,0,0,0,0,0,0,0,0,0,0,0,0,0,0,0,0,0,0,1,2,0,0,0,0,1,0,0,1,1,0,0,1,1,1,0,1,0,0,0,0,3,1,0,0,0,0,0,2,2,4,0,1,2,1,1,2,1,1,2,0,0,0,0,1,0,1,0,0,0,0,0,0,0,0,1,0,0,0,1,0,2,0,0,0,0,0,0,1,0,0,0,0,0,0,2,0,1,0,0,0,0,0,1,0,2,0,0,0,0,0,0,1,0,0,0,0,0,1,1,0,0,0,0,0,0,0,1,0,0,0,0,0,0,0,0,0,0,0,0,0,0,1,0,0,0,0,0,0,0,0,1,1,0,0,2,0,0,1,0,0,0,3,0,0,0,0,0,0,0,0,0,0,0,0,0,0,2,1,0,0,0,0,0,0,0,0,0,0,0,0,0,0,0,0,0,0,0,0,0,0,0,0,0,0,0,0,0,0,0,0,0,0,0,0,0,0,0,0,0,0,0,1,1,0,0,0,0,0,0,0,0,0,1,0,1,1,0,0,0,0,0,0,13,41,15,20,17,8,28,18,6,27,119,52,1,126,0,0,0,0,0,0,0,0,0,0,0,0,0,0,0,1,0,1,3,4,0,0,0,0,3,1,2,4,0,0,1,8,0,0
1871,0,2,1,1,0,3,3,0,1,1,5,1,9,0,0,3,0,3,4,1,1,0,6,4,1,0,0,2,1,1,1,0,6,0,0,3,0,0,0,2,1,2,2,0,1,3,5,0,1,3,4,0,0,0,1,0,0,0,0,0,0,1,1,1,0,0,0,0,0,10,8,1,2,4,4,1,1,4,0,4,3,1,16,11,6,1,0,4,0,0,0,0,1,0,0,6,0,0,1,3,1,0,3,9,12,3,2,3,1,0,2,3,2,2,0,1,1,0,0,0,0,0,0,0,0,1,0,0,0,0,0,0,0,0,0,0,3,2,2,0,1,5,0,1,0,0,0,1,1,0,0,0,4,1,6,5,10,0,3,1,0,0,0,2,0,0,4,1,0,0,1,0,0,2,2,2,1,2,1,0,0,0,0,0,0,0,0,0,0,1,0,2,0,0,0,0,0,0,0,0,1,1,1,6,0,4,2,3,0,0,0,0,0,0,0,2,0,1,0,0,1,0,0,0,2,0,0,0,0,1,1,0,0,0,0,0,0,1,0,0,0,0,0,0,0,0,0,0,0,0,0,0,1,0,0,0,0,0,2,0,0,0,0,1,0,3,0,0,0,2,2,6,0,1,0,0,1,1,3,1,0,0,0,1,0,1,0,2,0,1,0,2,1,0,2,0,0,3,1,1,0,1,0,0,0,3,0,0,0,0,0,0,2,0,0,0,0,0,0,1,1,1,0,0,1,2,3,0,1,0,0,0,0,4,0,2,0,0,1,0,1,4,5,0,0,0,0,0,1,0,0,0,0,0,0,0,0,0,0,0,0,0,0,0,0,0,0,0,0,5,0,0,1,0,0,1,2,0,0,2,0,0,0,0,1,1,0,1,4,0,0,0,0,2,0,1,1,0,0,0,0,1,0,1,0,1,0,0,5,1,0,1,9,0,1,1,0,0,4,2,0,0,1,0,0,0,5,0,0,1,5,1,11,2,2,0,0,3,3,3,0,1,0,0,1,0,1,0,1,0,0,1,2,0,1,0,0,1,0,1,0,1,0,0,4,1,0,0,0,2,0,1,0,0,0,0,0,0,0,1,1,0,1,0,2,0,1,0,0,0,0,0,0,1,0,0,0,0,0,1,0,0,0,0,2,1,0,0,0,1,0,3,1,1,0,6,2,0,1,0,0
4625,0,0,0,0,0,0,0,0,0,0,0,0,0,0,0,1,0,0,1,0,0,1,7,7,8,0,0,1,2,9,0,0,8,4,2,2,0,0,0,0,0,0,0,0,0,0,0,0,0,0,0,0,0,0,0,0,0,0,0,0,6,1,1,0,1,0,1,0,0,1,0,0,1,1,1,0,1,7,1,2,3,0,2,6,5,0,0,0,0,0,0,0,0,0,0,0,0,0,0,0,0,0,0,4,1,1,1,13,5,3,1,1,1,3,0,1,2,0,0,1,0,0,0,0,0,2,0,0,0,0,0,0,0,0,0,0,0,0,0,0,0,0,0,0,0,0,0,0,0,0,0,0,0,0,0,0,0,0,0,0,0,0,0,0,0,0,0,0,1,0,0,0,0,1,2,0,1,4,0,0,0,0,0,0,0,0,0,0,0,0,0,1,0,0,0,0,0,0,0,0,0,0,0,0,0,0,0,0,0,0,0,2,4,31,2,6,2,1,5,0,19,0,0,2,22,0,2,29,0,0,0,0,0,0,0,0,0,0,0,0,0,0,0,0,0,0,0,0,2,0,2,3,3,2,0,0,0,7,32,0,2,1,9,1,0,0,0,0,0,1,0,1,0,0,0,0,0,0,0,0,0,0,0,0,0,0,0,0,0,0,0,3,4,1,9,3,8,2,6,11,4,1,3,0,0,5,0,0,1,0,1,0,0,0,0,1,0,0,0,1,0,0,0,0,0,0,0,1,0,0,0,0,0,1,0,0,1,0,0,0,5,4,14,0,0,0,2,1,10,3,0,2,2,2,19,0,1,0,1,1,1,0,7,0,1,0,0,4,2,3,4,0,1,0,0,0,0,0,0,0,0,0,1,0,0,0,0,1,0,2,0,1,5,2,0,1,0,1,3,1,0,3,0,1,1,0,0,1,7,0,0,0,0,0,0,0,0,0,0,0,0,0,0,0,0,0,0,0,0,0,0,0,0,0,0,0,0,0,0,0,0,0,0,0,0,0,0,0,0,0,0,0,0,0,0,0,0,0,0,0,0,0,0,0,0,0,0,0,0,0,0,0,0,0,0,0,0,0,0,0,0,0,0,0,0,0,0,0,0,0,0,0,0,0,0,0,0,0,0,0,0,0,0,0,0,0,0,0,0,0,0,0,0,0,0,0,0,0,1,0,0
1325,0,0,0,0,0,2,0,0,0,0,4,0,3,1,0,0,0,0,1,0,0,0,4,3,0,0,0,0,0,0,0,0,1,0,1,0,2,0,0,3,0,0,0,1,0,0,4,0,0,10,8,1,1,0,0,13,0,2,0,0,0,0,4,0,0,0,0,0,0,0,0,5,4,4,0,0,0,0,0,0,1,0,2,0,0,9,0,0,1,0,0,0,0,0,0,0,0,0,1,3,0,0,3,0,0,2,0,2,0,0,0,0,0,0,0,2,0,0,2,8,0,0,0,0,1,0,1,0,2,0,0,0,1,2,0,0,0,1,0,0,0,0,0,10,0,0,2,0,0,3,0,2,13,1,9,1,2,0,1,0,0,0,0,1,0,0,1,0,2,0,0,0,0,0,0,5,2,5,5,0,0,1,0,0,0,1,0,0,0,4,18,0,0,0,0,0,0,0,0,0,2,0,0,3,0,0,3,4,0,3,0,6,0,0,0,0,0,0,0,0,6,0,1,0,4,1,0,0,0,2,0,0,0,0,0,15,1,0,0,0,4,0,5,0,0,0,0,0,2,0,2,3,0,0,5,0,0,1,0,0,2,1,1,3,0,2,0,1,0,8,0,0,0,0,0,0,0,0,0,0,0,9,0,1,0,0,0,0,0,0,0,0,2,0,0,0,0,0,1,0,0,0,0,0,0,0,0,0,0,2,0,0,0,0,0,1,0,0,0,3,0,0,0,0,0,2,0,0,0,0,1,0,0,2,0,0,1,0,5,0,0,0,0,0,0,0,1,0,0,0,0,1,0,1,4,0,4,0,2,0,3,2,2,0,1,0,0,6,6,4,3,1,0,2,0,1,0,1,0,0,0,0,0,0,0,2,1,0,0,0,0,1,0,0,0,0,0,0,0,3,0,0,1,1,0,0,0,4,5,0,0,0,0,0,0,0,0,0,5,2,0,0,6,3,0,0,1,0,0,0,3,0,0,1,0,0,0,0,0,1,0,0,0,0,0,0,0,3,0,0,1,12,11,0,5,0,1,0,0,0,0,7,0,0,0,10,3,0,0,2,1,0,0,0,0,0,0,0,0,4,0,0,0,5,5,0,0,0,0,0,1,0,0,0,0,6,0,0,0,0,0,0,0,1,2,2,5,0,0,4,0,5,0,0,0,2,0,0,0,0,0
4435,0,3,0,0,0,0,0,0,0,0,0,1,0,0,0,0,0,0,1,0,0,0,0,3,0,0,0,0,0,0,0,0,0,0,0,1,2,0,0,0,0,0,0,0,2,13,80,0,4,21,2,3,1,1,0,5,1,0,7,0,0,0,0,0,0,0,0,0,0,2,2,2,0,3,0,0,0,4,0,0,0,0,0,0,0,1,0,0,0,1,0,0,0,0,0,1,0,0,0,0,0,0,1,8,0,0,0,1,0,0,0,0,0,0,0,0,1,0,1,1,0,0,2,0,3,0,5,0,0,0,12,6,1,2,0,1,1,0,0,0,0,1,0,1,0,1,0,0,0,1,0,0,1,0,1,0,0,0,7,0,0,1,0,1,0,0,1,0,0,0,1,0,0,1,0,0,1,0,0,0,1,3,0,0,0,0,1,7,0,3,7,4,1,2,0,0,0,0,0,2,6,8,3,1,0,1,1,0,0,0,0,1,0,1,0,2,2,0,0,0,0,0,0,0,3,0,0,0,0,0,0,0,0,0,0,0,0,0,0,1,4,1,2,3,0,1,0,0,4,0,1,1,0,1,1,1,0,5,0,0,0,1,1,0,0,2,0,0,0,0,1,0,0,1,2,0,2,0,5,0,0,0,0,2,1,0,0,0,1,0,0,0,2,0,4,1,2,0,2,1,1,1,0,3,0,2,0,0,0,2,1,1,1,0,0,0,0,0,0,0,0,3,0,0,0,0,1,0,1,0,0,3,0,0,0,0,0,0,0,0,0,0,0,0,0,0,0,0,0,0,0,0,0,0,0,0,0,0,0,1,1,0,1,0,0,0,0,0,0,1,0,1,0,0,0,0,0,0,0,1,0,0,0,0,0,0,0,0,0,0,0,0,1,2,0,1,0,0,2,0,1,3,0,0,1,1,0,1,1,0,0,0,0,0,0,0,0,0,4,2,0,0,1,0,55,0,0,0,0,0,1,0,0,1,0,5,0,1,0,0,0,0,0,0,0,1,1,2,0,0,0,0,4,1,0,2,0,0,0,0,0,1,0,0,0,2,0,0,1,0,0,1,0,1,0,0,1,0,3,1,1,0,3,0,1,0,0,0,1,0,0,0,0,0,0,1,0,0,0,1,1,0,1,1,0,0,1,1,0,0,0,3,0,0,3,0,0,0,2,1,0
4626,1,0,5,3,0,0,0,1,0,0,1,1,1,1,0,3,0,0,0,0,1,0,0,0,0,0,0,0,1,0,0,0,4,0,0,0,0,1,0,0,0,1,0,1,6,5,7,0,0,4,3,0,1,2,0,0,0,0,1,1,1,0,0,0,1,0,0,0,0,0,0,0,0,1,0,0,0,1,0,0,0,0,0,0,1,1,0,1,0,4,0,0,0,1,0,3,0,0,0,2,0,1,0,0,0,0,0,0,0,0,0,1,0,0,0,0,0,0,1,1,0,0,0,1,5,0,0,1,0,0,1,0,1,2,1,0,3,3,5,0,0,0,1,2,5,2,3,0,2,5,1,4,8,9,11,11,7,0,0,0,0,0,0,0,0,0,1,0,0,0,2,0,0,2,2,4,1,0,1,0,4,5,1,0,0,0,0,2,1,2,0,0,3,1,0,0,0,1,3,1,0,0,0,2,0,0,2,4,0,0,0,1,0,1,1,3,1,0,0,0,0,0,3,0,1,0,0,2,0,0,0,0,3,0,0,1,0,0,1,1,4,1,1,1,0,2,1,0,0,0,0,0,0,1,0,2,0,0,0,1,0,1,0,0,2,0,0,0,0,0,2,2,0,1,1,0,2,1,2,4,1,0,1,1,2,0,3,1,2,0,2,2,0,0,0,0,0,0,0,0,1,0,0,0,0,0,0,1,0,2,1,2,2,0,1,0,0,0,0,2,0,2,0,0,0,0,1,0,0,1,0,0,0,0,0,0,0,0,2,1,2,4,4,0,0,0,0,0,0,1,0,0,0,2,2,0,3,3,1,0,0,1,0,0,0,0,0,2,1,1,0,0,0,1,1,0,0,0,0,0,1,0,2,0,0,0,1,0,2,1,0,0,0,0,0,0,0,0,0,0,0,0,1,0,1,1,0,10,6,1,0,0,1,0,0,0,0,0,0,0,0,0,0,0,0,0,1,0,0,0,0,3,0,0,0,0,0,1,0,0,0,0,0,0,0,1,0,2,0,1,0,0,1,0,0,0,0,0,1,0,0,1,0,0,0,3,0,0,0,0,0,0,1,1,2,1,0,0,0,0,1,2,2,6,2,0,8,0,2,6,1,2,2,2,0,2,8,3,1,1,7,3,14,5,1,0,0,0,0,0,0,0,2,0,0,1,1,0,1,0,0
1568,0,0,0,0,0,0,0,0,0,0,0,0,0,0,0,0,1,0,0,1,0,0,1,2,0,0,0,0,0,0,0,0,0,0,0,0,5,2,0,3,0,0,1,0,1,14,8,1,1,16,48,14,0,0,1,2,0,0,0,0,1,1,0,0,0,1,3,0,0,1,7,2,1,2,0,1,0,0,0,1,2,0,1,0,3,1,1,2,1,4,0,1,2,0,0,2,0,0,0,0,0,0,0,0,0,0,1,1,0,0,0,0,0,0,1,0,0,0,0,0,0,0,1,0,1,0,0,0,0,0,1,2,0,2,0,0,0,0,0,0,0,0,0,1,1,0,1,0,0,1,0,3,10,3,2,0,0,1,1,0,0,0,0,1,0,0,1,0,0,0,0,0,0,0,0,0,0,0,0,0,0,0,2,0,0,0,0,1,0,6,0,1,2,2,0,0,0,0,1,0,0,0,2,2,0,1,0,3,0,0,0,1,1,0,0,0,0,0,0,0,1,0,1,1,0,1,0,1,0,0,0,0,0,0,1,2,0,3,0,0,0,0,0,0,0,0,0,0,0,0,0,0,0,0,0,0,0,0,0,0,0,0,2,0,0,0,0,0,0,0,0,0,0,0,0,0,0,2,0,2,0,13,5,0,1,0,2,0,0,1,0,0,1,0,1,0,1,0,5,2,0,0,0,0,0,2,0,0,0,0,0,0,0,0,0,0,0,0,0,0,0,0,0,0,0,0,0,0,0,0,0,0,0,0,0,0,0,0,0,0,1,0,0,0,0,2,1,0,0,0,0,0,0,0,0,0,1,1,2,2,0,1,0,0,0,0,0,0,0,0,0,0,1,0,0,0,0,0,0,0,0,0,1,0,0,0,0,0,0,1,0,0,0,2,0,1,0,0,1,0,0,7,0,1,0,0,0,13,0,0,0,0,0,0,0,0,0,0,0,0,0,0,0,5,0,0,0,0,0,0,0,6,0,0,0,0,0,2,0,0,0,0,0,0,0,0,0,0,0,1,0,0,0,0,0,0,0,0,0,0,0,1,0,0,1,1,0,0,0,0,0,0,2,0,1,2,1,4,0,0,3,1,2,19,19,1,31,0,0,0,0,0,0,0,0,0,0,0,0,2,6,1,3,0,0,0,0,0,0,0,0,1,3,5,0,0,0,1,21,0,0
4627,0,0,0,0,0,0,0,0,0,0,0,0,0,0,0,0,0,0,0,0,0,0,0,0,0,0,0,0,0,0,0,0,0,0,0,0,69,78,35,33,12,4,2,0,1,0,0,0,71,27,100,22,0,0,0,0,0,0,0,0,0,0,0,0,0,0,0,0,0,0,0,0,0,0,0,0,0,0,0,0,0,0,0,0,0,0,0,0,0,0,0,0,0,0,0,0,0,0,0,0,0,0,0,0,0,0,0,0,0,0,0,0,0,0,0,0,0,0,0,0,0,0,0,0,0,0,0,0,0,0,0,0,0,0,0,0,0,0,0,0,0,0,0,0,0,0,0,0,0,0,0,0,0,0,0,0,0,0,0,0,0,0,0,0,0,0,0,0,0,0,0,0,0,0,0,0,0,0,0,0,0,0,0,0,0,0,0,0,0,0,0,0,0,0,0,0,0,0,0,0,0,0,0,0,0,0,0,0,0,0,0,0,0,0,0,0,0,0,0,0,0,0,0,0,0,0,0,0,0,0,0,0,0,0,0,0,0,0,0,0,0,0,0,0,0,0,0,0,0,0,0,0,0,0,0,0,0,0,0,0,0,0,0,0,0,0,0,0,0,0,0,0,0,0,0,0,0,0,0,0,0,0,0,0,0,0,0,0,0,0,0,0,0,0,0,0,0,0,0,0,0,0,0,0,0,0,0,0,0,0,0,0,0,0,0,0,0,0,0,0,0,0,0,0,0,0,0,0,0,0,0,0,0,0,0,0,0,0,0,0,0,0,0,0,0,0,0,0,0,0,0,0,0,0,0,0,0,0,0,0,0,0,0,0,0,0,0,0,0,0,0,0,0,0,0,0,0,0,0,0,0,0,0,0,0,0,0,0,0,0,0,0,0,0,0,0,0,0,0,0,0,0,0,0,0,0,0,0,0,0,0,0,0,0,0,0,0,0,0,0,0,0,0,0,0,0,0,0,0,0,0,0,0,0,0,0,0,0,0,0,0,0,0,0,0,0,0,0,0,0,0,0,0,0,0,0,0,0,0,0,0,0,0,0,0,0,0,0,0,0,0,0,0,0,0,0,0,0,0,0,0,0,0,0,0,0,0,0,0,0,0,0,0,0,0,0,0,0,0,0,0,0,0,0,0,0,0,0,0,0,0,0,0,0,0,0,0,0,0,0,0
